parent_asin,asin,price,currency,rating,price_diff_pct,price_rank,scrape_date
B0FY52GZFG,C001,43.07,USD,4.8,-13.84,1,2026-02-12
B0FY52GZFG,C002,43.84,USD,3.6,-12.3,2,2026-02-12
B0FY52GZFG,C003,48.45,USD,3.7,-3.08,3,2026-02-12
B0FY52GZFG,C004,52.38,USD,4.5,4.78,4,2026-02-12
B0FY52GZFG,C005,58.65,USD,3.9,17.32,5,2026-02-12
B0FY52GZFG,C001,42.23,USD,4.1,-15.52,1,2026-02-13
B0FY52GZFG,C002,43.52,USD,4.2,-12.94,2,2026-02-13
B0FY52GZFG,C003,53.26,USD,4.2,6.54,3,2026-02-13
B0FY52GZFG,C004,56.64,USD,4.4,13.3,4,2026-02-13
B0FY52GZFG,C005,57.69,USD,4.3,15.4,5,2026-02-13
B0FY52GZFG,C001,41.9,USD,4.8,-16.18,1,2026-02-14
B0FY52GZFG,C002,50.32,USD,3.9,0.66,2,2026-02-14
B0FY52GZFG,C003,54.55,USD,4.1,9.12,3,2026-02-14
B0FY52GZFG,C004,59.83,USD,4.1,19.68,4,2026-02-14
B0FY52GZFG,C005,59.98,USD,3.6,19.98,5,2026-02-14
B0FY52GZFG,C001,47.06,USD,4.0,-5.86,1,2026-02-15
B0FY52GZFG,C002,53.43,USD,3.9,6.88,2,2026-02-15
B0FY52GZFG,C003,55.74,USD,4.5,11.5,3,2026-02-15
B0FY52GZFG,C004,56.41,USD,4.5,12.84,4,2026-02-15
B0FY52GZFG,C005,56.63,USD,4.1,13.28,5,2026-02-15
B0FY52GZFG,C001,41.91,USD,4.2,-16.16,1,2026-02-16
B0FY52GZFG,C002,42.87,USD,3.6,-14.24,2,2026-02-16
B0FY52GZFG,C003,43.06,USD,3.6,-13.86,3,2026-02-16
B0FY52GZFG,C004,57.57,USD,3.5,15.16,4,2026-02-16
B0FY52GZFG,C005,57.85,USD,4.1,15.72,5,2026-02-16
B0FY52GZFG,C001,40.69,USD,3.7,-18.6,1,2026-02-17
B0FY52GZFG,C002,43.35,USD,4.6,-13.28,2,2026-02-17
B0FY52GZFG,C003,53.03,USD,4.6,6.08,3,2026-02-17
B0FY52GZFG,C004,55.48,USD,4.2,10.98,4,2026-02-17
B0FY52GZFG,C005,56.45,USD,4.6,12.92,5,2026-02-17
B0FY52GZFG,C001,41.85,USD,4.2,-16.28,1,2026-02-18
B0FY52GZFG,C002,45.14,USD,4.5,-9.7,2,2026-02-18
B0FY52GZFG,C003,47.88,USD,4.1,-4.22,3,2026-02-18
B0FY52GZFG,C004,54.74,USD,4.0,9.5,4,2026-02-18
B0FY52GZFG,C005,55.04,USD,3.8,10.1,5,2026-02-18
B0FY52GZFG,C001,41.71,USD,3.7,-16.56,1,2026-02-19
B0FY52GZFG,C002,42.37,USD,4.6,-15.24,2,2026-02-19
B0FY52GZFG,C003,43.52,USD,4.0,-12.94,3,2026-02-19
B0FY52GZFG,C004,44.16,USD,4.8,-11.66,4,2026-02-19
B0FY52GZFG,C005,55.02,USD,3.7,10.06,5,2026-02-19
B0FY52GZFG,C001,47.85,USD,4.6,-4.28,1,2026-02-20
B0FY52GZFG,C002,48.96,USD,3.7,-2.06,2,2026-02-20
B0FY52GZFG,C003,53.06,USD,3.8,6.14,3,2026-02-20
B0FY52GZFG,C004,57.49,USD,4.4,15.0,4,2026-02-20
B0FY52GZFG,C005,59.5,USD,3.9,19.02,5,2026-02-20
B0FY52GZFG,C001,51.01,USD,3.5,2.04,1,2026-02-21
B0FY52GZFG,C002,51.32,USD,3.6,2.66,2,2026-02-21
B0FY52GZFG,C003,54.2,USD,4.3,8.42,3,2026-02-21
B0FY52GZFG,C004,54.68,USD,4.1,9.38,4,2026-02-21
B0FY52GZFG,C005,56.56,USD,3.8,13.14,5,2026-02-21
B0FY52GZFG,C001,47.7,USD,3.9,-4.58,1,2026-02-22
B0FY52GZFG,C002,48.36,USD,4.2,-3.26,2,2026-02-22
B0FY52GZFG,C003,51.21,USD,3.9,2.44,3,2026-02-22
B0FY52GZFG,C004,55.15,USD,4.2,10.32,4,2026-02-22
B0FY52GZFG,C005,56.52,USD,4.4,13.06,5,2026-02-22
B0FY52GZFG,C001,40.01,USD,3.7,-19.96,1,2026-02-23
B0FY52GZFG,C002,41.31,USD,4.7,-17.36,2,2026-02-23
B0FY52GZFG,C003,44.24,USD,4.1,-11.5,3,2026-02-23
B0FY52GZFG,C004,52.92,USD,4.1,5.86,4,2026-02-23
B0FY52GZFG,C005,57.88,USD,4.7,15.78,5,2026-02-23
B0FY52GZFG,C001,41.18,USD,3.8,-17.62,1,2026-02-24
B0FY52GZFG,C002,43.9,USD,3.6,-12.18,2,2026-02-24
B0FY52GZFG,C003,44.29,USD,3.8,-11.4,3,2026-02-24
B0FY52GZFG,C004,51.71,USD,4.0,3.44,4,2026-02-24
B0FY52GZFG,C005,53.58,USD,3.7,7.18,5,2026-02-24
B0FY52GZFG,C001,41.1,USD,4.0,-17.78,1,2026-02-25
B0FY52GZFG,C002,42.69,USD,3.8,-14.6,2,2026-02-25
B0FY52GZFG,C003,46.4,USD,4.3,-7.18,3,2026-02-25
B0FY52GZFG,C004,47.21,USD,3.8,-5.56,4,2026-02-25
B0FY52GZFG,C005,57.19,USD,4.7,14.4,5,2026-02-25
B0FY52GZFG,C001,41.99,USD,3.7,-16.0,1,2026-02-26
B0FY52GZFG,C002,42.14,USD,4.6,-15.7,2,2026-02-26
B0FY52GZFG,C003,42.3,USD,4.5,-15.38,3,2026-02-26
B0FY52GZFG,C004,52.38,USD,4.6,4.78,4,2026-02-26
B0FY52GZFG,C005,58.58,USD,4.2,17.18,5,2026-02-26
B0FY52GZFG,C001,40.88,USD,4.2,-18.22,1,2026-02-27
B0FY52GZFG,C002,46.47,USD,4.5,-7.04,2,2026-02-27
B0FY52GZFG,C003,48.02,USD,3.7,-3.94,3,2026-02-27
B0FY52GZFG,C004,58.96,USD,4.8,17.94,4,2026-02-27
B0FY52GZFG,C005,59.92,USD,4.1,19.86,5,2026-02-27
B0FY52GZFG,C001,47.61,USD,3.7,-4.76,1,2026-02-28
B0FY52GZFG,C002,47.94,USD,3.9,-4.1,2,2026-02-28
B0FY52GZFG,C003,49.86,USD,3.8,-0.26,3,2026-02-28
B0FY52GZFG,C004,51.68,USD,3.6,3.38,4,2026-02-28
B0FY52GZFG,C005,59.41,USD,4.6,18.84,5,2026-02-28
B0FY52GZFG,C001,47.16,USD,4.7,-5.66,1,2026-03-01
B0FY52GZFG,C002,48.16,USD,4.7,-3.66,2,2026-03-01
B0FY52GZFG,C003,48.62,USD,4.0,-2.74,3,2026-03-01
B0FY52GZFG,C004,51.78,USD,3.9,3.58,4,2026-03-01
B0FY52GZFG,C005,52.65,USD,4.1,5.32,5,2026-03-01
B0FY52GZFG,C001,46.41,USD,3.9,-7.16,1,2026-03-02
B0FY52GZFG,C002,49.23,USD,4.0,-1.52,2,2026-03-02
B0FY52GZFG,C003,51.08,USD,3.6,2.18,3,2026-03-02
B0FY52GZFG,C004,51.35,USD,3.7,2.72,4,2026-03-02
B0FY52GZFG,C005,53.16,USD,4.4,6.34,5,2026-03-02
B0FY52GZFG,C001,44.28,USD,4.6,-11.42,1,2026-03-03
B0FY52GZFG,C002,45.14,USD,4.7,-9.7,2,2026-03-03
B0FY52GZFG,C003,47.77,USD,4.3,-4.44,3,2026-03-03
B0FY52GZFG,C004,51.24,USD,4.4,2.5,4,2026-03-03
B0FY52GZFG,C005,55.1,USD,3.6,10.22,5,2026-03-03
B0FY52GZFG,C001,40.08,USD,3.6,-19.82,1,2026-03-04
B0FY52GZFG,C002,47.84,USD,4.4,-4.3,2,2026-03-04
B0FY52GZFG,C003,51.57,USD,4.2,3.16,3,2026-03-04
B0FY52GZFG,C004,58.47,USD,3.5,16.96,4,2026-03-04
B0FY52GZFG,C005,58.9,USD,4.5,17.82,5,2026-03-04
B0FY52GZFG,C001,40.1,USD,3.9,-19.78,1,2026-03-05
B0FY52GZFG,C002,49.31,USD,4.6,-1.36,2,2026-03-05
B0FY52GZFG,C003,49.92,USD,4.0,-0.14,3,2026-03-05
B0FY52GZFG,C004,55.72,USD,4.2,11.46,4,2026-03-05
B0FY52GZFG,C005,57.03,USD,3.9,14.08,5,2026-03-05
B0FY52GZFG,C001,43.2,USD,4.8,-13.58,1,2026-03-06
B0FY52GZFG,C002,49.92,USD,4.6,-0.14,2,2026-03-06
B0FY52GZFG,C003,50.72,USD,3.7,1.46,3,2026-03-06
B0FY52GZFG,C004,55.49,USD,4.3,11.0,4,2026-03-06
B0FY52GZFG,C005,59.3,USD,4.6,18.62,5,2026-03-06
B0FY52GZFG,C001,42.01,USD,4.8,-15.96,1,2026-03-07
B0FY52GZFG,C002,47.48,USD,4.3,-5.02,2,2026-03-07
B0FY52GZFG,C003,49.63,USD,4.1,-0.72,3,2026-03-07
B0FY52GZFG,C004,51.28,USD,4.0,2.58,4,2026-03-07
B0FY52GZFG,C005,56.21,USD,4.0,12.44,5,2026-03-07
B0FY52GZFG,C001,42.36,USD,4.6,-15.26,1,2026-03-08
B0FY52GZFG,C002,45.68,USD,3.5,-8.62,2,2026-03-08
B0FY52GZFG,C003,46.07,USD,4.2,-7.84,3,2026-03-08
B0FY52GZFG,C004,55.88,USD,4.1,11.78,4,2026-03-08
B0FY52GZFG,C005,56.74,USD,4.4,13.5,5,2026-03-08
B0FY52GZFG,C001,40.79,USD,4.1,-18.4,1,2026-03-09
B0FY52GZFG,C002,43.26,USD,4.2,-13.46,2,2026-03-09
B0FY52GZFG,C003,47.53,USD,3.8,-4.92,3,2026-03-09
B0FY52GZFG,C004,52.36,USD,3.7,4.74,4,2026-03-09
B0FY52GZFG,C005,53.36,USD,3.7,6.74,5,2026-03-09
B0FY52GZFG,C001,41.93,USD,4.8,-16.12,1,2026-03-10
B0FY52GZFG,C002,46.87,USD,3.6,-6.24,2,2026-03-10
B0FY52GZFG,C003,48.09,USD,4.3,-3.8,3,2026-03-10
B0FY52GZFG,C004,56.17,USD,4.6,12.36,4,2026-03-10
B0FY52GZFG,C005,58.93,USD,4.3,17.88,5,2026-03-10
B0FY52GZFG,C001,40.71,USD,4.7,-18.56,1,2026-03-11
B0FY52GZFG,C002,48.57,USD,3.6,-2.84,2,2026-03-11
B0FY52GZFG,C003,48.61,USD,4.4,-2.76,3,2026-03-11
B0FY52GZFG,C004,50.68,USD,3.9,1.38,4,2026-03-11
B0FY52GZFG,C005,59.86,USD,4.7,19.74,5,2026-03-11
B0FY52GZFG,C001,40.89,USD,4.6,-18.2,1,2026-03-12
B0FY52GZFG,C002,41.19,USD,3.7,-17.6,2,2026-03-12
B0FY52GZFG,C003,42.34,USD,4.2,-15.3,3,2026-03-12
B0FY52GZFG,C004,56.74,USD,4.7,13.5,4,2026-03-12
B0FY52GZFG,C005,58.71,USD,4.2,17.44,5,2026-03-12
B0FY52GZFG,C001,41.25,USD,3.7,-17.48,1,2026-03-13
B0FY52GZFG,C002,46.2,USD,3.9,-7.58,2,2026-03-13
B0FY52GZFG,C003,47.94,USD,4.8,-4.1,3,2026-03-13
B0FY52GZFG,C004,48.89,USD,3.6,-2.2,4,2026-03-13
B0FY52GZFG,C005,59.36,USD,4.6,18.74,5,2026-03-13
B0FY52GZFG,C001,54.15,USD,3.7,8.32,1,2026-03-14
B0FY52GZFG,C002,56.59,USD,4.5,13.2,2,2026-03-14
B0FY52GZFG,C003,56.83,USD,4.2,13.68,3,2026-03-14
B0FY52GZFG,C004,58.86,USD,4.2,17.74,4,2026-03-14
B0FY52GZFG,C005,59.51,USD,4.7,19.04,5,2026-03-14
B0FY52GZFG,C001,47.72,USD,4.0,-4.54,1,2026-03-15
B0FY52GZFG,C002,49.12,USD,4.0,-1.74,2,2026-03-15
B0FY52GZFG,C003,49.65,USD,3.6,-0.68,3,2026-03-15
B0FY52GZFG,C004,54.09,USD,3.6,8.2,4,2026-03-15
B0FY52GZFG,C005,59.42,USD,4.5,18.86,5,2026-03-15
B0FY52GZFG,C001,40.7,USD,3.8,-18.58,1,2026-03-16
B0FY52GZFG,C002,43.14,USD,4.8,-13.7,2,2026-03-16
B0FY52GZFG,C003,48.91,USD,3.8,-2.16,3,2026-03-16
B0FY52GZFG,C004,52.23,USD,4.2,4.48,4,2026-03-16
B0FY52GZFG,C005,58.6,USD,4.7,17.22,5,2026-03-16
B0FY52GZFG,C001,40.97,USD,3.8,-18.04,1,2026-03-17
B0FY52GZFG,C002,41.26,USD,4.2,-17.46,2,2026-03-17
B0FY52GZFG,C003,43.06,USD,4.7,-13.86,3,2026-03-17
B0FY52GZFG,C004,44.72,USD,4.2,-10.54,4,2026-03-17
B0FY52GZFG,C005,59.53,USD,4.3,19.08,5,2026-03-17
B0FY52GZFG,C001,44.03,USD,4.0,-11.92,1,2026-03-18
B0FY52GZFG,C002,52.35,USD,3.6,4.72,2,2026-03-18
B0FY52GZFG,C003,56.0,USD,3.8,12.02,3,2026-03-18
B0FY52GZFG,C004,57.27,USD,4.1,14.56,4,2026-03-18
B0FY52GZFG,C005,58.97,USD,4.7,17.96,5,2026-03-18
B0FY52GZFG,C001,43.65,USD,4.3,-12.68,1,2026-03-19
B0FY52GZFG,C002,46.41,USD,4.4,-7.16,2,2026-03-19
B0FY52GZFG,C003,47.56,USD,4.1,-4.86,3,2026-03-19
B0FY52GZFG,C004,50.8,USD,3.8,1.62,4,2026-03-19
B0FY52GZFG,C005,55.4,USD,4.4,10.82,5,2026-03-19
B0FY52GZFG,C001,42.14,USD,4.2,-15.7,1,2026-03-20
B0FY52GZFG,C002,43.37,USD,4.2,-13.24,2,2026-03-20
B0FY52GZFG,C003,43.75,USD,4.1,-12.48,3,2026-03-20
B0FY52GZFG,C004,49.94,USD,4.8,-0.1,4,2026-03-20
B0FY52GZFG,C005,58.72,USD,4.1,17.46,5,2026-03-20
B0FY52GZFG,C001,41.33,USD,4.3,-17.32,1,2026-03-21
B0FY52GZFG,C002,44.55,USD,3.6,-10.88,2,2026-03-21
B0FY52GZFG,C003,48.43,USD,4.8,-3.12,3,2026-03-21
B0FY52GZFG,C004,49.55,USD,4.1,-0.88,4,2026-03-21
B0FY52GZFG,C005,51.85,USD,4.7,3.72,5,2026-03-21
B0FY52GZFG,C001,41.2,USD,4.1,-17.58,1,2026-03-22
B0FY52GZFG,C002,49.5,USD,4.3,-0.98,2,2026-03-22
B0FY52GZFG,C003,52.95,USD,4.6,5.92,3,2026-03-22
B0FY52GZFG,C004,55.62,USD,4.3,11.26,4,2026-03-22
B0FY52GZFG,C005,56.43,USD,4.0,12.88,5,2026-03-22
B0FY52GZFG,C001,47.41,USD,4.6,-5.16,1,2026-03-23
B0FY52GZFG,C002,48.49,USD,4.2,-3.0,2,2026-03-23
B0FY52GZFG,C003,53.24,USD,4.5,6.5,3,2026-03-23
B0FY52GZFG,C004,53.43,USD,4.1,6.88,4,2026-03-23
B0FY52GZFG,C005,59.2,USD,3.8,18.42,5,2026-03-23
B0FY52GZFG,C001,42.61,USD,4.7,-14.76,1,2026-03-24
B0FY52GZFG,C002,43.96,USD,3.9,-12.06,2,2026-03-24
B0FY52GZFG,C003,52.53,USD,3.6,5.08,3,2026-03-24
B0FY52GZFG,C004,54.89,USD,4.7,9.8,4,2026-03-24
B0FY52GZFG,C005,54.93,USD,3.7,9.88,5,2026-03-24
B0FY52GZFG,C001,43.94,USD,4.4,-12.1,1,2026-03-25
B0FY52GZFG,C002,45.82,USD,3.7,-8.34,2,2026-03-25
B0FY52GZFG,C003,50.58,USD,4.0,1.18,3,2026-03-25
B0FY52GZFG,C004,55.2,USD,4.1,10.42,4,2026-03-25
B0FY52GZFG,C005,57.64,USD,3.7,15.3,5,2026-03-25
B0FY52GZFG,C001,42.54,USD,3.6,-14.9,1,2026-03-26
B0FY52GZFG,C002,45.46,USD,4.1,-9.06,2,2026-03-26
B0FY52GZFG,C003,46.16,USD,4.5,-7.66,3,2026-03-26
B0FY52GZFG,C004,50.99,USD,4.5,2.0,4,2026-03-26
B0FY52GZFG,C005,54.09,USD,4.6,8.2,5,2026-03-26
B0FY52GZFG,C001,43.52,USD,4.1,-12.94,1,2026-03-27
B0FY52GZFG,C002,44.81,USD,4.0,-10.36,2,2026-03-27
B0FY52GZFG,C003,47.21,USD,3.8,-5.56,3,2026-03-27
B0FY52GZFG,C004,48.96,USD,4.5,-2.06,4,2026-03-27
B0FY52GZFG,C005,56.4,USD,3.9,12.82,5,2026-03-27
B0FY52GZFG,C001,42.61,USD,3.8,-14.76,1,2026-03-28
B0FY52GZFG,C002,45.45,USD,4.5,-9.08,2,2026-03-28
B0FY52GZFG,C003,46.05,USD,4.7,-7.88,3,2026-03-28
B0FY52GZFG,C004,47.38,USD,4.1,-5.22,4,2026-03-28
B0FY52GZFG,C005,48.77,USD,4.3,-2.44,5,2026-03-28
B0FY52GZFG,C001,52.26,USD,4.5,4.54,1,2026-03-29
B0FY52GZFG,C002,57.33,USD,4.1,14.68,2,2026-03-29
B0FY52GZFG,C003,57.78,USD,3.6,15.58,3,2026-03-29
B0FY52GZFG,C004,58.16,USD,3.5,16.34,4,2026-03-29
B0FY52GZFG,C005,59.96,USD,4.1,19.94,5,2026-03-29
B0FY52GZFG,C001,48.14,USD,3.6,-3.7,1,2026-03-30
B0FY52GZFG,C002,49.88,USD,3.8,-0.22,2,2026-03-30
B0FY52GZFG,C003,51.03,USD,4.5,2.08,3,2026-03-30
B0FY52GZFG,C004,51.35,USD,4.6,2.72,4,2026-03-30
B0FY52GZFG,C005,56.72,USD,4.8,13.46,5,2026-03-30
B0FY52GZFG,C001,45.35,USD,4.3,-9.28,1,2026-03-31
B0FY52GZFG,C002,46.28,USD,4.7,-7.42,2,2026-03-31
B0FY52GZFG,C003,48.02,USD,3.9,-3.94,3,2026-03-31
B0FY52GZFG,C004,57.45,USD,4.2,14.92,4,2026-03-31
B0FY52GZFG,C005,57.79,USD,3.9,15.6,5,2026-03-31
B0FY52GZFG,C001,41.15,USD,4.6,-17.68,1,2026-04-01
B0FY52GZFG,C002,43.39,USD,4.4,-13.2,2,2026-04-01
B0FY52GZFG,C003,43.89,USD,3.7,-12.2,3,2026-04-01
B0FY52GZFG,C004,48.05,USD,3.7,-3.88,4,2026-04-01
B0FY52GZFG,C005,58.97,USD,4.6,17.96,5,2026-04-01
B0FY52GZFG,C001,42.79,USD,3.8,-14.4,1,2026-04-02
B0FY52GZFG,C002,45.29,USD,3.9,-9.4,2,2026-04-02
B0FY52GZFG,C003,53.54,USD,4.8,7.1,3,2026-04-02
B0FY52GZFG,C004,56.28,USD,3.8,12.58,4,2026-04-02
B0FY52GZFG,C005,58.25,USD,4.1,16.52,5,2026-04-02
B0FY52GZFG,C001,45.05,USD,4.6,-9.88,1,2026-04-03
B0FY52GZFG,C002,47.56,USD,3.8,-4.86,2,2026-04-03
B0FY52GZFG,C003,48.64,USD,3.5,-2.7,3,2026-04-03
B0FY52GZFG,C004,55.43,USD,4.2,10.88,4,2026-04-03
B0FY52GZFG,C005,55.5,USD,4.8,11.02,5,2026-04-03
B0FY52GZFG,C001,40.76,USD,4.0,-18.46,1,2026-04-04
B0FY52GZFG,C002,41.77,USD,4.5,-16.44,2,2026-04-04
B0FY52GZFG,C003,44.15,USD,4.0,-11.68,3,2026-04-04
B0FY52GZFG,C004,50.37,USD,3.7,0.76,4,2026-04-04
B0FY52GZFG,C005,56.19,USD,3.8,12.4,5,2026-04-04
B0FY52GZFG,C001,48.19,USD,4.8,-3.6,1,2026-04-05
B0FY52GZFG,C002,49.58,USD,4.0,-0.82,2,2026-04-05
B0FY52GZFG,C003,52.83,USD,4.0,5.68,3,2026-04-05
B0FY52GZFG,C004,53.8,USD,4.7,7.62,4,2026-04-05
B0FY52GZFG,C005,57.22,USD,3.8,14.46,5,2026-04-05
B0FY52GZFG,C001,41.95,USD,3.7,-16.08,1,2026-04-06
B0FY52GZFG,C002,44.0,USD,4.1,-11.98,2,2026-04-06
B0FY52GZFG,C003,49.35,USD,3.9,-1.28,3,2026-04-06
B0FY52GZFG,C004,54.59,USD,4.5,9.2,4,2026-04-06
B0FY52GZFG,C005,55.08,USD,4.7,10.18,5,2026-04-06
B0FY52GZFG,C001,42.69,USD,4.7,-14.6,1,2026-04-07
B0FY52GZFG,C002,45.09,USD,4.0,-9.8,2,2026-04-07
B0FY52GZFG,C003,45.31,USD,3.8,-9.36,3,2026-04-07
B0FY52GZFG,C004,45.47,USD,4.6,-9.04,4,2026-04-07
B0FY52GZFG,C005,56.04,USD,4.0,12.1,5,2026-04-07
B0FY52GZFG,C001,40.69,USD,4.7,-18.6,1,2026-04-08
B0FY52GZFG,C002,43.23,USD,4.6,-13.52,2,2026-04-08
B0FY52GZFG,C003,44.21,USD,4.6,-11.56,3,2026-04-08
B0FY52GZFG,C004,52.77,USD,3.8,5.56,4,2026-04-08
B0FY52GZFG,C005,55.65,USD,3.6,11.32,5,2026-04-08
B0FY52GZFG,C001,42.56,USD,4.5,-14.86,1,2026-04-09
B0FY52GZFG,C002,46.11,USD,4.7,-7.76,2,2026-04-09
B0FY52GZFG,C003,52.37,USD,4.4,4.76,3,2026-04-09
B0FY52GZFG,C004,55.19,USD,4.1,10.4,4,2026-04-09
B0FY52GZFG,C005,57.34,USD,4.6,14.7,5,2026-04-09
B0FY52GZFG,C001,45.75,USD,3.7,-8.48,1,2026-04-10
B0FY52GZFG,C002,50.54,USD,3.8,1.1,2,2026-04-10
B0FY52GZFG,C003,54.88,USD,4.2,9.78,3,2026-04-10
B0FY52GZFG,C004,54.98,USD,4.2,9.98,4,2026-04-10
B0FY52GZFG,C005,56.4,USD,4.3,12.82,5,2026-04-10
B0FY52GZFG,C001,44.93,USD,4.4,-10.12,1,2026-04-11
B0FY52GZFG,C002,47.89,USD,4.2,-4.2,2,2026-04-11
B0FY52GZFG,C003,54.72,USD,3.7,9.46,3,2026-04-11
B0FY52GZFG,C004,55.73,USD,4.5,11.48,4,2026-04-11
B0FY52GZFG,C005,58.25,USD,4.7,16.52,5,2026-04-11
B0FY52GZFG,C001,47.03,USD,4.1,-5.92,1,2026-04-12
B0FY52GZFG,C002,52.75,USD,4.8,5.52,2,2026-04-12
B0FY52GZFG,C003,54.43,USD,3.6,8.88,3,2026-04-12
B0FY52GZFG,C004,58.35,USD,4.0,16.72,4,2026-04-12
B0FY52GZFG,C005,59.67,USD,4.6,19.36,5,2026-04-12
B0FY52GZFG,C001,45.67,USD,3.9,-8.64,1,2026-04-13
B0FY52GZFG,C002,47.65,USD,4.5,-4.68,2,2026-04-13
B0FY52GZFG,C003,55.74,USD,3.9,11.5,3,2026-04-13
B0FY52GZFG,C004,57.66,USD,4.3,15.34,4,2026-04-13
B0FY52GZFG,C005,59.59,USD,4.4,19.2,5,2026-04-13
B0FY52GZFG,C001,40.48,USD,4.1,-19.02,1,2026-04-14
B0FY52GZFG,C002,44.39,USD,3.6,-11.2,2,2026-04-14
B0FY52GZFG,C003,51.26,USD,4.0,2.54,3,2026-04-14
B0FY52GZFG,C004,54.23,USD,4.6,8.48,4,2026-04-14
B0FY52GZFG,C005,56.58,USD,3.5,13.18,5,2026-04-14
B0FY52GZFG,C001,41.01,USD,4.6,-17.96,1,2026-04-15
B0FY52GZFG,C002,45.14,USD,4.5,-9.7,2,2026-04-15
B0FY52GZFG,C003,47.92,USD,4.7,-4.14,3,2026-04-15
B0FY52GZFG,C004,54.98,USD,3.8,9.98,4,2026-04-15
B0FY52GZFG,C005,58.89,USD,4.2,17.8,5,2026-04-15
B0FY52GZFG,C001,40.54,USD,4.4,-18.9,1,2026-04-16
B0FY52GZFG,C002,44.61,USD,4.3,-10.76,2,2026-04-16
B0FY52GZFG,C003,44.91,USD,4.5,-10.16,3,2026-04-16
B0FY52GZFG,C004,55.57,USD,4.2,11.16,4,2026-04-16
B0FY52GZFG,C005,59.16,USD,4.1,18.34,5,2026-04-16
B0FY52GZFG,C001,44.02,USD,4.0,-11.94,1,2026-04-17
B0FY52GZFG,C002,48.98,USD,4.3,-2.02,2,2026-04-17
B0FY52GZFG,C003,52.8,USD,3.7,5.62,3,2026-04-17
B0FY52GZFG,C004,56.22,USD,4.8,12.46,4,2026-04-17
B0FY52GZFG,C005,57.75,USD,4.7,15.52,5,2026-04-17
B0FY52GZFG,C001,41.79,USD,3.7,-16.4,1,2026-04-18
B0FY52GZFG,C002,43.37,USD,3.6,-13.24,2,2026-04-18
B0FY52GZFG,C003,44.23,USD,4.8,-11.52,3,2026-04-18
B0FY52GZFG,C004,46.63,USD,3.6,-6.72,4,2026-04-18
B0FY52GZFG,C005,58.43,USD,3.7,16.88,5,2026-04-18
B0FY52GZFG,C001,51.59,USD,4.3,3.2,1,2026-04-19
B0FY52GZFG,C002,52.61,USD,4.2,5.24,2,2026-04-19
B0FY52GZFG,C003,55.48,USD,4.4,10.98,3,2026-04-19
B0FY52GZFG,C004,56.53,USD,4.1,13.08,4,2026-04-19
B0FY52GZFG,C005,57.63,USD,3.9,15.28,5,2026-04-19
B0FY52GZFG,C001,43.06,USD,3.8,-13.86,1,2026-04-20
B0FY52GZFG,C002,43.39,USD,4.6,-13.2,2,2026-04-20
B0FY52GZFG,C003,45.21,USD,3.9,-9.56,3,2026-04-20
B0FY52GZFG,C004,49.34,USD,4.4,-1.3,4,2026-04-20
B0FY52GZFG,C005,55.92,USD,4.6,11.86,5,2026-04-20
B0FY52GZFG,C001,41.55,USD,4.7,-16.88,1,2026-04-21
B0FY52GZFG,C002,44.32,USD,3.9,-11.34,2,2026-04-21
B0FY52GZFG,C003,46.14,USD,4.2,-7.7,3,2026-04-21
B0FY52GZFG,C004,53.77,USD,3.9,7.56,4,2026-04-21
B0FY52GZFG,C005,55.29,USD,4.2,10.6,5,2026-04-21
B0FY52GZFG,C001,42.69,USD,4.4,-14.6,1,2026-04-22
B0FY52GZFG,C002,52.2,USD,4.4,4.42,2,2026-04-22
B0FY52GZFG,C003,52.43,USD,3.6,4.88,3,2026-04-22
B0FY52GZFG,C004,52.46,USD,4.1,4.94,4,2026-04-22
B0FY52GZFG,C005,53.86,USD,4.0,7.74,5,2026-04-22
B0FY52GZFG,C001,41.73,USD,4.6,-16.52,1,2026-04-23
B0FY52GZFG,C002,44.44,USD,4.2,-11.1,2,2026-04-23
B0FY52GZFG,C003,44.73,USD,4.5,-10.52,3,2026-04-23
B0FY52GZFG,C004,48.81,USD,4.1,-2.36,4,2026-04-23
B0FY52GZFG,C005,54.85,USD,4.1,9.72,5,2026-04-23
B0FY52GZFG,C001,49.83,USD,4.5,-0.32,1,2026-04-24
B0FY52GZFG,C002,50.56,USD,3.6,1.14,2,2026-04-24
B0FY52GZFG,C003,52.03,USD,4.2,4.08,3,2026-04-24
B0FY52GZFG,C004,52.38,USD,4.1,4.78,4,2026-04-24
B0FY52GZFG,C005,58.55,USD,4.7,17.12,5,2026-04-24
B0FY52GZFG,C001,43.61,USD,3.8,-12.76,1,2026-04-25
B0FY52GZFG,C002,49.0,USD,3.6,-1.98,2,2026-04-25
B0FY52GZFG,C003,49.36,USD,3.5,-1.26,3,2026-04-25
B0FY52GZFG,C004,49.86,USD,4.1,-0.26,4,2026-04-25
B0FY52GZFG,C005,59.23,USD,4.5,18.48,5,2026-04-25
B0FY52GZFG,C001,40.63,USD,3.7,-18.72,1,2026-04-26
B0FY52GZFG,C002,43.08,USD,4.3,-13.82,2,2026-04-26
B0FY52GZFG,C003,51.39,USD,3.9,2.8,3,2026-04-26
B0FY52GZFG,C004,54.66,USD,4.3,9.34,4,2026-04-26
B0FY52GZFG,C005,58.81,USD,4.0,17.64,5,2026-04-26
B0FY52GZFG,C001,44.6,USD,4.6,-10.78,1,2026-04-27
B0FY52GZFG,C002,49.99,USD,4.8,0.0,2,2026-04-27
B0FY52GZFG,C003,55.11,USD,3.8,10.24,3,2026-04-27
B0FY52GZFG,C004,55.18,USD,3.9,10.38,4,2026-04-27
B0FY52GZFG,C005,58.1,USD,3.8,16.22,5,2026-04-27
B0FY52GZFG,C001,45.25,USD,4.3,-9.48,1,2026-04-28
B0FY52GZFG,C002,50.53,USD,4.6,1.08,2,2026-04-28
B0FY52GZFG,C003,51.64,USD,4.7,3.3,3,2026-04-28
B0FY52GZFG,C004,59.79,USD,3.8,19.6,4,2026-04-28
B0FY52GZFG,C005,59.86,USD,4.2,19.74,5,2026-04-28
B0FY52GZFG,C001,46.05,USD,4.7,-7.88,1,2026-04-29
B0FY52GZFG,C002,48.79,USD,4.5,-2.4,2,2026-04-29
B0FY52GZFG,C003,56.65,USD,3.8,13.32,3,2026-04-29
B0FY52GZFG,C004,59.69,USD,3.9,19.4,4,2026-04-29
B0FY52GZFG,C005,59.7,USD,4.2,19.42,5,2026-04-29
B0FY52GZFG,C001,48.16,USD,3.9,-3.66,1,2026-04-30
B0FY52GZFG,C002,50.1,USD,3.9,0.22,2,2026-04-30
B0FY52GZFG,C003,51.21,USD,3.7,2.44,3,2026-04-30
B0FY52GZFG,C004,52.72,USD,3.7,5.46,4,2026-04-30
B0FY52GZFG,C005,54.97,USD,4.6,9.96,5,2026-04-30
B0FY52GZFG,C001,40.42,USD,3.9,-19.14,1,2026-05-01
B0FY52GZFG,C002,44.55,USD,3.7,-10.88,2,2026-05-01
B0FY52GZFG,C003,48.92,USD,4.4,-2.14,3,2026-05-01
B0FY52GZFG,C004,51.07,USD,3.9,2.16,4,2026-05-01
B0FY52GZFG,C005,55.18,USD,3.6,10.38,5,2026-05-01
B0FY52GZFG,C001,40.43,USD,4.3,-19.12,1,2026-05-02
B0FY52GZFG,C002,41.09,USD,4.1,-17.8,2,2026-05-02
B0FY52GZFG,C003,43.1,USD,4.1,-13.78,3,2026-05-02
B0FY52GZFG,C004,51.62,USD,3.6,3.26,4,2026-05-02
B0FY52GZFG,C005,56.96,USD,4.5,13.94,5,2026-05-02
B0FY52GZFG,C001,40.21,USD,3.7,-19.56,1,2026-05-03
B0FY52GZFG,C002,43.56,USD,3.8,-12.86,2,2026-05-03
B0FY52GZFG,C003,50.98,USD,4.4,1.98,3,2026-05-03
B0FY52GZFG,C004,57.85,USD,4.4,15.72,4,2026-05-03
B0FY52GZFG,C005,58.07,USD,4.3,16.16,5,2026-05-03
B0FY52GZFG,C001,46.0,USD,3.8,-7.98,1,2026-05-04
B0FY52GZFG,C002,47.18,USD,3.6,-5.62,2,2026-05-04
B0FY52GZFG,C003,49.53,USD,4.0,-0.92,3,2026-05-04
B0FY52GZFG,C004,49.87,USD,4.4,-0.24,4,2026-05-04
B0FY52GZFG,C005,59.05,USD,3.5,18.12,5,2026-05-04
B0FY52GZFG,C001,48.77,USD,4.4,-2.44,1,2026-05-05
B0FY52GZFG,C002,52.2,USD,3.6,4.42,2,2026-05-05
B0FY52GZFG,C003,52.87,USD,4.1,5.76,3,2026-05-05
B0FY52GZFG,C004,55.52,USD,4.3,11.06,4,2026-05-05
B0FY52GZFG,C005,56.2,USD,3.8,12.42,5,2026-05-05
B0FY52GZFG,C001,40.84,USD,4.6,-18.3,1,2026-05-06
B0FY52GZFG,C002,43.52,USD,4.7,-12.94,2,2026-05-06
B0FY52GZFG,C003,44.46,USD,3.8,-11.06,3,2026-05-06
B0FY52GZFG,C004,48.27,USD,4.7,-3.44,4,2026-05-06
B0FY52GZFG,C005,49.09,USD,3.5,-1.8,5,2026-05-06
B0FY52GZFG,C001,40.23,USD,4.7,-19.52,1,2026-05-07
B0FY52GZFG,C002,55.25,USD,4.8,10.52,2,2026-05-07
B0FY52GZFG,C003,58.49,USD,4.2,17.0,3,2026-05-07
B0FY52GZFG,C004,59.03,USD,3.6,18.08,4,2026-05-07
B0FY52GZFG,C005,59.39,USD,4.6,18.8,5,2026-05-07
B0FY52GZFG,C001,43.06,USD,4.5,-13.86,1,2026-05-08
B0FY52GZFG,C002,48.34,USD,3.6,-3.3,2,2026-05-08
B0FY52GZFG,C003,51.43,USD,4.4,2.88,3,2026-05-08
B0FY52GZFG,C004,52.27,USD,4.6,4.56,4,2026-05-08
B0FY52GZFG,C005,52.28,USD,4.1,4.58,5,2026-05-08
B0FY52GZFG,C001,46.24,USD,3.7,-7.5,1,2026-05-09
B0FY52GZFG,C002,47.37,USD,3.8,-5.24,2,2026-05-09
B0FY52GZFG,C003,50.19,USD,4.1,0.4,3,2026-05-09
B0FY52GZFG,C004,54.65,USD,4.7,9.32,4,2026-05-09
B0FY52GZFG,C005,59.38,USD,4.5,18.78,5,2026-05-09
B0FY52GZFG,C001,44.3,USD,4.3,-11.38,1,2026-05-10
B0FY52GZFG,C002,44.83,USD,4.7,-10.32,2,2026-05-10
B0FY52GZFG,C003,47.55,USD,3.8,-4.88,3,2026-05-10
B0FY52GZFG,C004,57.02,USD,4.4,14.06,4,2026-05-10
B0FY52GZFG,C005,57.18,USD,4.8,14.38,5,2026-05-10
B0FY52GZFG,C001,41.42,USD,4.1,-17.14,1,2026-05-11
B0FY52GZFG,C002,41.76,USD,4.5,-16.46,2,2026-05-11
B0FY52GZFG,C003,43.0,USD,3.9,-13.98,3,2026-05-11
B0FY52GZFG,C004,46.79,USD,3.9,-6.4,4,2026-05-11
B0FY52GZFG,C005,53.47,USD,4.6,6.96,5,2026-05-11
B0FY52GZFG,C001,48.92,USD,3.7,-2.14,1,2026-05-12
B0FY52GZFG,C002,50.39,USD,4.7,0.8,2,2026-05-12
B0FY52GZFG,C003,53.01,USD,4.1,6.04,3,2026-05-12
B0FY52GZFG,C004,56.84,USD,3.7,13.7,4,2026-05-12
B0FY52GZFG,C005,59.05,USD,3.7,18.12,5,2026-05-12
B08N5WRWNW,C006,24.56,USD,4.0,-18.11,1,2026-02-12
B08N5WRWNW,C007,25.67,USD,4.2,-14.4,2,2026-02-12
B08N5WRWNW,C008,27.43,USD,3.9,-8.54,3,2026-02-12
B08N5WRWNW,C009,29.28,USD,3.5,-2.37,4,2026-02-12
B08N5WRWNW,C010,32.24,USD,4.3,7.5,5,2026-02-12
B08N5WRWNW,C006,24.16,USD,4.1,-19.44,1,2026-02-13
B08N5WRWNW,C007,25.3,USD,4.0,-15.64,2,2026-02-13
B08N5WRWNW,C008,26.97,USD,4.6,-10.07,3,2026-02-13
B08N5WRWNW,C009,28.48,USD,4.0,-5.04,4,2026-02-13
B08N5WRWNW,C010,31.81,USD,4.2,6.07,5,2026-02-13
B08N5WRWNW,C006,24.25,USD,3.6,-19.14,1,2026-02-14
B08N5WRWNW,C007,28.13,USD,4.5,-6.2,2,2026-02-14
B08N5WRWNW,C008,29.05,USD,4.7,-3.13,3,2026-02-14
B08N5WRWNW,C009,30.17,USD,3.5,0.6,4,2026-02-14
B08N5WRWNW,C010,31.11,USD,4.3,3.73,5,2026-02-14
B08N5WRWNW,C006,27.41,USD,4.8,-8.6,1,2026-02-15
B08N5WRWNW,C007,31.58,USD,3.6,5.3,2,2026-02-15
B08N5WRWNW,C008,33.16,USD,4.1,10.57,3,2026-02-15
B08N5WRWNW,C009,33.44,USD,4.2,11.5,4,2026-02-15
B08N5WRWNW,C010,35.14,USD,3.7,17.17,5,2026-02-15
B08N5WRWNW,C006,24.19,USD,3.9,-19.34,1,2026-02-16
B08N5WRWNW,C007,28.03,USD,4.1,-6.54,2,2026-02-16
B08N5WRWNW,C008,29.42,USD,4.8,-1.9,3,2026-02-16
B08N5WRWNW,C009,34.1,USD,4.1,13.7,4,2026-02-16
B08N5WRWNW,C010,35.84,USD,3.7,19.51,5,2026-02-16
B08N5WRWNW,C006,24.61,USD,4.1,-17.94,1,2026-02-17
B08N5WRWNW,C007,25.08,USD,4.7,-16.37,2,2026-02-17
B08N5WRWNW,C008,27.18,USD,4.2,-9.37,3,2026-02-17
B08N5WRWNW,C009,30.04,USD,4.8,0.17,4,2026-02-17
B08N5WRWNW,C010,35.33,USD,3.8,17.81,5,2026-02-17
B08N5WRWNW,C006,27.34,USD,4.0,-8.84,1,2026-02-18
B08N5WRWNW,C007,29.37,USD,4.2,-2.07,2,2026-02-18
B08N5WRWNW,C008,30.04,USD,4.8,0.17,3,2026-02-18
B08N5WRWNW,C009,34.25,USD,3.7,14.2,4,2026-02-18
B08N5WRWNW,C010,34.3,USD,3.9,14.37,5,2026-02-18
B08N5WRWNW,C006,24.36,USD,4.4,-18.77,1,2026-02-19
B08N5WRWNW,C007,26.17,USD,3.8,-12.74,2,2026-02-19
B08N5WRWNW,C008,26.39,USD,4.0,-12.0,3,2026-02-19
B08N5WRWNW,C009,28.69,USD,4.0,-4.33,4,2026-02-19
B08N5WRWNW,C010,32.15,USD,4.4,7.2,5,2026-02-19
B08N5WRWNW,C006,26.56,USD,4.7,-11.44,1,2026-02-20
B08N5WRWNW,C007,28.33,USD,3.9,-5.54,2,2026-02-20
B08N5WRWNW,C008,29.59,USD,3.6,-1.33,3,2026-02-20
B08N5WRWNW,C009,30.85,USD,4.1,2.87,4,2026-02-20
B08N5WRWNW,C010,34.22,USD,3.7,14.1,5,2026-02-20
B08N5WRWNW,C006,25.56,USD,4.3,-14.77,1,2026-02-21
B08N5WRWNW,C007,26.85,USD,4.4,-10.47,2,2026-02-21
B08N5WRWNW,C008,32.95,USD,4.4,9.87,3,2026-02-21
B08N5WRWNW,C009,33.67,USD,4.8,12.27,4,2026-02-21
B08N5WRWNW,C010,35.23,USD,3.9,17.47,5,2026-02-21
B08N5WRWNW,C006,25.95,USD,3.5,-13.47,1,2026-02-22
B08N5WRWNW,C007,26.13,USD,4.7,-12.87,2,2026-02-22
B08N5WRWNW,C008,30.22,USD,3.8,0.77,3,2026-02-22
B08N5WRWNW,C009,30.39,USD,3.6,1.33,4,2026-02-22
B08N5WRWNW,C010,31.35,USD,3.6,4.53,5,2026-02-22
B08N5WRWNW,C006,24.39,USD,4.0,-18.67,1,2026-02-23
B08N5WRWNW,C007,26.31,USD,4.0,-12.27,2,2026-02-23
B08N5WRWNW,C008,26.87,USD,3.9,-10.4,3,2026-02-23
B08N5WRWNW,C009,27.28,USD,3.9,-9.04,4,2026-02-23
B08N5WRWNW,C010,27.34,USD,3.6,-8.84,5,2026-02-23
B08N5WRWNW,C006,24.29,USD,4.2,-19.01,1,2026-02-24
B08N5WRWNW,C007,26.42,USD,4.2,-11.9,2,2026-02-24
B08N5WRWNW,C008,33.07,USD,3.9,10.27,3,2026-02-24
B08N5WRWNW,C009,35.13,USD,4.5,17.14,4,2026-02-24
B08N5WRWNW,C010,35.88,USD,4.5,19.64,5,2026-02-24
B08N5WRWNW,C006,29.2,USD,3.9,-2.63,1,2026-02-25
B08N5WRWNW,C007,33.19,USD,4.7,10.67,2,2026-02-25
B08N5WRWNW,C008,33.67,USD,3.6,12.27,3,2026-02-25
B08N5WRWNW,C009,34.12,USD,4.8,13.77,4,2026-02-25
B08N5WRWNW,C010,34.73,USD,4.5,15.81,5,2026-02-25
B08N5WRWNW,C006,24.4,USD,4.3,-18.64,1,2026-02-26
B08N5WRWNW,C007,25.11,USD,4.6,-16.27,2,2026-02-26
B08N5WRWNW,C008,31.86,USD,3.6,6.24,3,2026-02-26
B08N5WRWNW,C009,33.23,USD,3.9,10.8,4,2026-02-26
B08N5WRWNW,C010,33.58,USD,4.0,11.97,5,2026-02-26
B08N5WRWNW,C006,24.5,USD,4.6,-18.31,1,2026-02-27
B08N5WRWNW,C007,27.17,USD,3.9,-9.4,2,2026-02-27
B08N5WRWNW,C008,28.7,USD,4.7,-4.3,3,2026-02-27
B08N5WRWNW,C009,29.09,USD,4.1,-3.0,4,2026-02-27
B08N5WRWNW,C010,29.37,USD,3.9,-2.07,5,2026-02-27
B08N5WRWNW,C006,25.81,USD,4.0,-13.94,1,2026-02-28
B08N5WRWNW,C007,27.08,USD,4.2,-9.7,2,2026-02-28
B08N5WRWNW,C008,29.0,USD,4.0,-3.3,3,2026-02-28
B08N5WRWNW,C009,30.02,USD,4.6,0.1,4,2026-02-28
B08N5WRWNW,C010,30.02,USD,3.8,0.1,5,2026-02-28
B08N5WRWNW,C006,25.7,USD,4.2,-14.3,1,2026-03-01
B08N5WRWNW,C007,33.41,USD,3.7,11.4,2,2026-03-01
B08N5WRWNW,C008,34.05,USD,4.6,13.54,3,2026-03-01
B08N5WRWNW,C009,35.6,USD,4.3,18.71,4,2026-03-01
B08N5WRWNW,C010,35.63,USD,3.8,18.81,5,2026-03-01
B08N5WRWNW,C006,24.7,USD,4.3,-17.64,1,2026-03-02
B08N5WRWNW,C007,25.37,USD,4.6,-15.41,2,2026-03-02
B08N5WRWNW,C008,30.76,USD,3.6,2.57,3,2026-03-02
B08N5WRWNW,C009,32.64,USD,4.2,8.84,4,2026-03-02
B08N5WRWNW,C010,35.14,USD,3.8,17.17,5,2026-03-02
B08N5WRWNW,C006,25.42,USD,3.9,-15.24,1,2026-03-03
B08N5WRWNW,C007,26.22,USD,4.3,-12.57,2,2026-03-03
B08N5WRWNW,C008,31.94,USD,4.4,6.5,3,2026-03-03
B08N5WRWNW,C009,34.73,USD,4.1,15.81,4,2026-03-03
B08N5WRWNW,C010,35.23,USD,3.7,17.47,5,2026-03-03
B08N5WRWNW,C006,25.24,USD,4.7,-15.84,1,2026-03-04
B08N5WRWNW,C007,29.45,USD,3.6,-1.8,2,2026-03-04
B08N5WRWNW,C008,29.78,USD,3.6,-0.7,3,2026-03-04
B08N5WRWNW,C009,34.46,USD,4.7,14.9,4,2026-03-04
B08N5WRWNW,C010,35.99,USD,4.7,20.01,5,2026-03-04
B08N5WRWNW,C006,26.27,USD,4.7,-12.4,1,2026-03-05
B08N5WRWNW,C007,27.77,USD,3.8,-7.4,2,2026-03-05
B08N5WRWNW,C008,28.25,USD,4.4,-5.8,3,2026-03-05
B08N5WRWNW,C009,28.98,USD,3.6,-3.37,4,2026-03-05
B08N5WRWNW,C010,29.42,USD,3.6,-1.9,5,2026-03-05
B08N5WRWNW,C006,25.12,USD,4.5,-16.24,1,2026-03-06
B08N5WRWNW,C007,28.06,USD,4.6,-6.44,2,2026-03-06
B08N5WRWNW,C008,31.83,USD,3.7,6.14,3,2026-03-06
B08N5WRWNW,C009,31.85,USD,3.9,6.2,4,2026-03-06
B08N5WRWNW,C010,35.39,USD,4.0,18.01,5,2026-03-06
B08N5WRWNW,C006,24.72,USD,4.0,-17.57,1,2026-03-07
B08N5WRWNW,C007,27.05,USD,3.8,-9.8,2,2026-03-07
B08N5WRWNW,C008,27.55,USD,3.8,-8.14,3,2026-03-07
B08N5WRWNW,C009,28.42,USD,4.3,-5.24,4,2026-03-07
B08N5WRWNW,C010,30.44,USD,4.0,1.5,5,2026-03-07
B08N5WRWNW,C006,28.14,USD,4.8,-6.17,1,2026-03-08
B08N5WRWNW,C007,28.54,USD,4.2,-4.83,2,2026-03-08
B08N5WRWNW,C008,30.4,USD,4.7,1.37,3,2026-03-08
B08N5WRWNW,C009,31.04,USD,4.5,3.5,4,2026-03-08
B08N5WRWNW,C010,33.25,USD,3.6,10.87,5,2026-03-08
B08N5WRWNW,C006,25.11,USD,4.2,-16.27,1,2026-03-09
B08N5WRWNW,C007,29.14,USD,3.7,-2.83,2,2026-03-09
B08N5WRWNW,C008,29.49,USD,4.5,-1.67,3,2026-03-09
B08N5WRWNW,C009,32.37,USD,4.2,7.94,4,2026-03-09
B08N5WRWNW,C010,35.83,USD,4.4,19.47,5,2026-03-09
B08N5WRWNW,C006,31.34,USD,4.6,4.5,1,2026-03-10
B08N5WRWNW,C007,31.54,USD,3.5,5.17,2,2026-03-10
B08N5WRWNW,C008,33.04,USD,4.2,10.17,3,2026-03-10
B08N5WRWNW,C009,34.1,USD,3.8,13.7,4,2026-03-10
B08N5WRWNW,C010,34.42,USD,4.6,14.77,5,2026-03-10
B08N5WRWNW,C006,26.25,USD,3.8,-12.47,1,2026-03-11
B08N5WRWNW,C007,28.06,USD,3.6,-6.44,2,2026-03-11
B08N5WRWNW,C008,29.03,USD,4.7,-3.2,3,2026-03-11
B08N5WRWNW,C009,31.77,USD,4.5,5.94,4,2026-03-11
B08N5WRWNW,C010,32.43,USD,3.8,8.14,5,2026-03-11
B08N5WRWNW,C006,27.5,USD,3.9,-8.3,1,2026-03-12
B08N5WRWNW,C007,27.68,USD,3.6,-7.7,2,2026-03-12
B08N5WRWNW,C008,31.32,USD,4.4,4.43,3,2026-03-12
B08N5WRWNW,C009,32.49,USD,3.6,8.34,4,2026-03-12
B08N5WRWNW,C010,35.65,USD,3.5,18.87,5,2026-03-12
B08N5WRWNW,C006,29.65,USD,4.1,-1.13,1,2026-03-13
B08N5WRWNW,C007,29.82,USD,3.9,-0.57,2,2026-03-13
B08N5WRWNW,C008,32.74,USD,4.2,9.17,3,2026-03-13
B08N5WRWNW,C009,33.07,USD,4.1,10.27,4,2026-03-13
B08N5WRWNW,C010,35.37,USD,4.3,17.94,5,2026-03-13
B08N5WRWNW,C006,24.94,USD,4.0,-16.84,1,2026-03-14
B08N5WRWNW,C007,26.16,USD,3.9,-12.77,2,2026-03-14
B08N5WRWNW,C008,28.61,USD,3.7,-4.6,3,2026-03-14
B08N5WRWNW,C009,34.77,USD,4.5,15.94,4,2026-03-14
B08N5WRWNW,C010,35.93,USD,4.1,19.81,5,2026-03-14
B08N5WRWNW,C006,24.38,USD,3.8,-18.71,1,2026-03-15
B08N5WRWNW,C007,24.8,USD,4.8,-17.31,2,2026-03-15
B08N5WRWNW,C008,24.96,USD,3.8,-16.77,3,2026-03-15
B08N5WRWNW,C009,28.83,USD,3.8,-3.87,4,2026-03-15
B08N5WRWNW,C010,35.02,USD,4.2,16.77,5,2026-03-15
B08N5WRWNW,C006,25.65,USD,4.1,-14.47,1,2026-03-16
B08N5WRWNW,C007,28.51,USD,4.4,-4.93,2,2026-03-16
B08N5WRWNW,C008,29.97,USD,4.6,-0.07,3,2026-03-16
B08N5WRWNW,C009,30.95,USD,4.0,3.2,4,2026-03-16
B08N5WRWNW,C010,33.91,USD,4.2,13.07,5,2026-03-16
B08N5WRWNW,C006,24.82,USD,4.4,-17.24,1,2026-03-17
B08N5WRWNW,C007,24.82,USD,3.6,-17.24,2,2026-03-17
B08N5WRWNW,C008,26.04,USD,4.6,-13.17,3,2026-03-17
B08N5WRWNW,C009,27.45,USD,4.6,-8.47,4,2026-03-17
B08N5WRWNW,C010,32.72,USD,3.6,9.1,5,2026-03-17
B08N5WRWNW,C006,24.28,USD,4.1,-19.04,1,2026-03-18
B08N5WRWNW,C007,24.67,USD,4.5,-17.74,2,2026-03-18
B08N5WRWNW,C008,26.81,USD,4.1,-10.6,3,2026-03-18
B08N5WRWNW,C009,30.57,USD,4.2,1.93,4,2026-03-18
B08N5WRWNW,C010,34.23,USD,4.8,14.14,5,2026-03-18
B08N5WRWNW,C006,24.61,USD,4.4,-17.94,1,2026-03-19
B08N5WRWNW,C007,25.79,USD,4.4,-14.0,2,2026-03-19
B08N5WRWNW,C008,29.72,USD,3.8,-0.9,3,2026-03-19
B08N5WRWNW,C009,33.96,USD,4.0,13.24,4,2026-03-19
B08N5WRWNW,C010,34.62,USD,4.0,15.44,5,2026-03-19
B08N5WRWNW,C006,27.0,USD,4.0,-9.97,1,2026-03-20
B08N5WRWNW,C007,27.66,USD,3.7,-7.77,2,2026-03-20
B08N5WRWNW,C008,27.91,USD,4.6,-6.94,3,2026-03-20
B08N5WRWNW,C009,29.54,USD,4.3,-1.5,4,2026-03-20
B08N5WRWNW,C010,30.25,USD,3.7,0.87,5,2026-03-20
B08N5WRWNW,C006,24.1,USD,3.6,-19.64,1,2026-03-21
B08N5WRWNW,C007,25.8,USD,4.5,-13.97,2,2026-03-21
B08N5WRWNW,C008,26.84,USD,4.8,-10.5,3,2026-03-21
B08N5WRWNW,C009,32.32,USD,3.6,7.77,4,2026-03-21
B08N5WRWNW,C010,34.16,USD,4.5,13.9,5,2026-03-21
B08N5WRWNW,C006,24.12,USD,4.3,-19.57,1,2026-03-22
B08N5WRWNW,C007,24.85,USD,4.8,-17.14,2,2026-03-22
B08N5WRWNW,C008,28.3,USD,3.8,-5.64,3,2026-03-22
B08N5WRWNW,C009,31.1,USD,3.7,3.7,4,2026-03-22
B08N5WRWNW,C010,33.06,USD,3.7,10.24,5,2026-03-22
B08N5WRWNW,C006,30.65,USD,4.5,2.2,1,2026-03-23
B08N5WRWNW,C007,31.15,USD,3.8,3.87,2,2026-03-23
B08N5WRWNW,C008,33.03,USD,4.2,10.14,3,2026-03-23
B08N5WRWNW,C009,33.5,USD,3.9,11.7,4,2026-03-23
B08N5WRWNW,C010,34.7,USD,3.9,15.71,5,2026-03-23
B08N5WRWNW,C006,28.99,USD,4.1,-3.33,1,2026-03-24
B08N5WRWNW,C007,30.44,USD,3.6,1.5,2,2026-03-24
B08N5WRWNW,C008,32.17,USD,3.8,7.27,3,2026-03-24
B08N5WRWNW,C009,35.17,USD,4.2,17.27,4,2026-03-24
B08N5WRWNW,C010,35.68,USD,3.6,18.97,5,2026-03-24
B08N5WRWNW,C006,25.15,USD,4.7,-16.14,1,2026-03-25
B08N5WRWNW,C007,25.48,USD,4.4,-15.04,2,2026-03-25
B08N5WRWNW,C008,26.37,USD,3.6,-12.07,3,2026-03-25
B08N5WRWNW,C009,33.17,USD,4.4,10.6,4,2026-03-25
B08N5WRWNW,C010,35.17,USD,4.3,17.27,5,2026-03-25
B08N5WRWNW,C006,27.86,USD,4.4,-7.1,1,2026-03-26
B08N5WRWNW,C007,31.02,USD,4.7,3.43,2,2026-03-26
B08N5WRWNW,C008,32.61,USD,4.3,8.74,3,2026-03-26
B08N5WRWNW,C009,33.08,USD,4.4,10.3,4,2026-03-26
B08N5WRWNW,C010,33.93,USD,4.1,13.14,5,2026-03-26
B08N5WRWNW,C006,25.92,USD,4.1,-13.57,1,2026-03-27
B08N5WRWNW,C007,26.42,USD,4.2,-11.9,2,2026-03-27
B08N5WRWNW,C008,30.46,USD,3.6,1.57,3,2026-03-27
B08N5WRWNW,C009,33.06,USD,4.0,10.24,4,2026-03-27
B08N5WRWNW,C010,35.96,USD,4.3,19.91,5,2026-03-27
B08N5WRWNW,C006,31.01,USD,4.3,3.4,1,2026-03-28
B08N5WRWNW,C007,31.69,USD,4.2,5.67,2,2026-03-28
B08N5WRWNW,C008,31.88,USD,4.3,6.3,3,2026-03-28
B08N5WRWNW,C009,32.63,USD,3.6,8.8,4,2026-03-28
B08N5WRWNW,C010,33.47,USD,3.9,11.6,5,2026-03-28
B08N5WRWNW,C006,25.08,USD,3.8,-16.37,1,2026-03-29
B08N5WRWNW,C007,30.32,USD,4.5,1.1,2,2026-03-29
B08N5WRWNW,C008,31.1,USD,4.6,3.7,3,2026-03-29
B08N5WRWNW,C009,32.14,USD,4.3,7.17,4,2026-03-29
B08N5WRWNW,C010,34.46,USD,4.3,14.9,5,2026-03-29
B08N5WRWNW,C006,28.05,USD,4.0,-6.47,1,2026-03-30
B08N5WRWNW,C007,29.35,USD,3.6,-2.13,2,2026-03-30
B08N5WRWNW,C008,30.23,USD,3.7,0.8,3,2026-03-30
B08N5WRWNW,C009,32.67,USD,3.8,8.94,4,2026-03-30
B08N5WRWNW,C010,34.36,USD,4.0,14.57,5,2026-03-30
B08N5WRWNW,C006,25.26,USD,4.6,-15.77,1,2026-03-31
B08N5WRWNW,C007,26.81,USD,4.0,-10.6,2,2026-03-31
B08N5WRWNW,C008,28.05,USD,4.5,-6.47,3,2026-03-31
B08N5WRWNW,C009,30.05,USD,4.5,0.2,4,2026-03-31
B08N5WRWNW,C010,35.32,USD,3.6,17.77,5,2026-03-31
B08N5WRWNW,C006,24.6,USD,4.6,-17.97,1,2026-04-01
B08N5WRWNW,C007,28.82,USD,4.2,-3.9,2,2026-04-01
B08N5WRWNW,C008,31.29,USD,4.2,4.33,3,2026-04-01
B08N5WRWNW,C009,35.07,USD,3.8,16.94,4,2026-04-01
B08N5WRWNW,C010,35.5,USD,4.6,18.37,5,2026-04-01
B08N5WRWNW,C006,24.4,USD,3.9,-18.64,1,2026-04-02
B08N5WRWNW,C007,29.97,USD,3.6,-0.07,2,2026-04-02
B08N5WRWNW,C008,32.19,USD,4.7,7.34,3,2026-04-02
B08N5WRWNW,C009,33.94,USD,4.7,13.17,4,2026-04-02
B08N5WRWNW,C010,35.39,USD,4.2,18.01,5,2026-04-02
B08N5WRWNW,C006,25.15,USD,3.8,-16.14,1,2026-04-03
B08N5WRWNW,C007,25.42,USD,4.6,-15.24,2,2026-04-03
B08N5WRWNW,C008,29.03,USD,3.7,-3.2,3,2026-04-03
B08N5WRWNW,C009,29.54,USD,3.8,-1.5,4,2026-04-03
B08N5WRWNW,C010,31.7,USD,4.2,5.7,5,2026-04-03
B08N5WRWNW,C006,25.95,USD,4.7,-13.47,1,2026-04-04
B08N5WRWNW,C007,26.57,USD,3.7,-11.4,2,2026-04-04
B08N5WRWNW,C008,28.41,USD,4.7,-5.27,3,2026-04-04
B08N5WRWNW,C009,30.75,USD,4.7,2.53,4,2026-04-04
B08N5WRWNW,C010,31.5,USD,4.6,5.04,5,2026-04-04
B08N5WRWNW,C006,24.19,USD,4.7,-19.34,1,2026-04-05
B08N5WRWNW,C007,31.43,USD,4.3,4.8,2,2026-04-05
B08N5WRWNW,C008,31.56,USD,4.5,5.24,3,2026-04-05
B08N5WRWNW,C009,31.66,USD,4.0,5.57,4,2026-04-05
B08N5WRWNW,C010,32.28,USD,3.5,7.64,5,2026-04-05
B08N5WRWNW,C006,26.99,USD,4.2,-10.0,1,2026-04-06
B08N5WRWNW,C007,28.07,USD,4.0,-6.4,2,2026-04-06
B08N5WRWNW,C008,29.23,USD,4.8,-2.53,3,2026-04-06
B08N5WRWNW,C009,30.08,USD,3.7,0.3,4,2026-04-06
B08N5WRWNW,C010,30.11,USD,3.9,0.4,5,2026-04-06
B08N5WRWNW,C006,27.52,USD,3.9,-8.24,1,2026-04-07
B08N5WRWNW,C007,29.98,USD,4.4,-0.03,2,2026-04-07
B08N5WRWNW,C008,30.51,USD,3.5,1.73,3,2026-04-07
B08N5WRWNW,C009,31.71,USD,3.8,5.74,4,2026-04-07
B08N5WRWNW,C010,35.39,USD,4.1,18.01,5,2026-04-07
B08N5WRWNW,C006,24.36,USD,4.3,-18.77,1,2026-04-08
B08N5WRWNW,C007,30.19,USD,4.0,0.67,2,2026-04-08
B08N5WRWNW,C008,31.4,USD,3.6,4.7,3,2026-04-08
B08N5WRWNW,C009,32.13,USD,3.6,7.14,4,2026-04-08
B08N5WRWNW,C010,32.95,USD,4.4,9.87,5,2026-04-08
B08N5WRWNW,C006,24.18,USD,4.2,-19.37,1,2026-04-09
B08N5WRWNW,C007,30.68,USD,4.3,2.3,2,2026-04-09
B08N5WRWNW,C008,33.0,USD,4.4,10.04,3,2026-04-09
B08N5WRWNW,C009,33.91,USD,4.6,13.07,4,2026-04-09
B08N5WRWNW,C010,35.93,USD,3.7,19.81,5,2026-04-09
B08N5WRWNW,C006,24.3,USD,3.5,-18.97,1,2026-04-10
B08N5WRWNW,C007,24.91,USD,4.1,-16.94,2,2026-04-10
B08N5WRWNW,C008,26.33,USD,3.9,-12.2,3,2026-04-10
B08N5WRWNW,C009,34.02,USD,3.7,13.44,4,2026-04-10
B08N5WRWNW,C010,35.1,USD,4.1,17.04,5,2026-04-10
B08N5WRWNW,C006,25.48,USD,3.9,-15.04,1,2026-04-11
B08N5WRWNW,C007,28.82,USD,4.7,-3.9,2,2026-04-11
B08N5WRWNW,C008,31.82,USD,3.6,6.1,3,2026-04-11
B08N5WRWNW,C009,33.2,USD,4.0,10.7,4,2026-04-11
B08N5WRWNW,C010,34.71,USD,4.7,15.74,5,2026-04-11
B08N5WRWNW,C006,28.92,USD,3.5,-3.57,1,2026-04-12
B08N5WRWNW,C007,29.47,USD,3.7,-1.73,2,2026-04-12
B08N5WRWNW,C008,32.0,USD,4.3,6.7,3,2026-04-12
B08N5WRWNW,C009,33.03,USD,3.8,10.14,4,2026-04-12
B08N5WRWNW,C010,35.4,USD,4.4,18.04,5,2026-04-12
B08N5WRWNW,C006,28.21,USD,3.9,-5.94,1,2026-04-13
B08N5WRWNW,C007,29.9,USD,4.1,-0.3,2,2026-04-13
B08N5WRWNW,C008,33.26,USD,3.8,10.9,3,2026-04-13
B08N5WRWNW,C009,33.82,USD,4.6,12.77,4,2026-04-13
B08N5WRWNW,C010,34.63,USD,4.6,15.47,5,2026-04-13
B08N5WRWNW,C006,26.73,USD,4.2,-10.87,1,2026-04-14
B08N5WRWNW,C007,34.52,USD,4.0,15.11,2,2026-04-14
B08N5WRWNW,C008,34.81,USD,4.2,16.07,3,2026-04-14
B08N5WRWNW,C009,35.17,USD,3.9,17.27,4,2026-04-14
B08N5WRWNW,C010,35.5,USD,3.9,18.37,5,2026-04-14
B08N5WRWNW,C006,24.98,USD,4.2,-16.71,1,2026-04-15
B08N5WRWNW,C007,26.89,USD,4.1,-10.34,2,2026-04-15
B08N5WRWNW,C008,29.95,USD,4.1,-0.13,3,2026-04-15
B08N5WRWNW,C009,31.55,USD,3.8,5.2,4,2026-04-15
B08N5WRWNW,C010,34.64,USD,4.6,15.51,5,2026-04-15
B08N5WRWNW,C006,26.37,USD,3.9,-12.07,1,2026-04-16
B08N5WRWNW,C007,30.89,USD,4.6,3.0,2,2026-04-16
B08N5WRWNW,C008,32.59,USD,4.4,8.67,3,2026-04-16
B08N5WRWNW,C009,33.11,USD,4.5,10.4,4,2026-04-16
B08N5WRWNW,C010,34.34,USD,4.4,14.5,5,2026-04-16
B08N5WRWNW,C006,29.03,USD,4.1,-3.2,1,2026-04-17
B08N5WRWNW,C007,32.92,USD,4.7,9.77,2,2026-04-17
B08N5WRWNW,C008,33.76,USD,4.0,12.57,3,2026-04-17
B08N5WRWNW,C009,34.14,USD,4.2,13.84,4,2026-04-17
B08N5WRWNW,C010,35.91,USD,3.6,19.74,5,2026-04-17
B08N5WRWNW,C006,26.7,USD,4.1,-10.97,1,2026-04-18
B08N5WRWNW,C007,26.94,USD,4.5,-10.17,2,2026-04-18
B08N5WRWNW,C008,28.72,USD,4.7,-4.23,3,2026-04-18
B08N5WRWNW,C009,28.75,USD,3.6,-4.13,4,2026-04-18
B08N5WRWNW,C010,34.08,USD,4.2,13.64,5,2026-04-18
B08N5WRWNW,C006,28.77,USD,4.3,-4.07,1,2026-04-19
B08N5WRWNW,C007,29.36,USD,4.2,-2.1,2,2026-04-19
B08N5WRWNW,C008,29.6,USD,4.1,-1.3,3,2026-04-19
B08N5WRWNW,C009,29.65,USD,4.6,-1.13,4,2026-04-19
B08N5WRWNW,C010,31.36,USD,4.5,4.57,5,2026-04-19
B08N5WRWNW,C006,25.83,USD,3.9,-13.87,1,2026-04-20
B08N5WRWNW,C007,28.09,USD,4.5,-6.34,2,2026-04-20
B08N5WRWNW,C008,30.98,USD,3.8,3.3,3,2026-04-20
B08N5WRWNW,C009,33.6,USD,4.4,12.04,4,2026-04-20
B08N5WRWNW,C010,34.23,USD,3.8,14.14,5,2026-04-20
B08N5WRWNW,C006,28.57,USD,4.6,-4.73,1,2026-04-21
B08N5WRWNW,C007,30.12,USD,3.7,0.43,2,2026-04-21
B08N5WRWNW,C008,34.5,USD,4.6,15.04,3,2026-04-21
B08N5WRWNW,C009,35.37,USD,3.5,17.94,4,2026-04-21
B08N5WRWNW,C010,35.83,USD,4.0,19.47,5,2026-04-21
B08N5WRWNW,C006,28.64,USD,4.4,-4.5,1,2026-04-22
B08N5WRWNW,C007,30.38,USD,4.1,1.3,2,2026-04-22
B08N5WRWNW,C008,32.25,USD,4.7,7.54,3,2026-04-22
B08N5WRWNW,C009,33.74,USD,3.8,12.5,4,2026-04-22
B08N5WRWNW,C010,34.44,USD,3.7,14.84,5,2026-04-22
B08N5WRWNW,C006,25.67,USD,4.6,-14.4,1,2026-04-23
B08N5WRWNW,C007,26.96,USD,3.8,-10.1,2,2026-04-23
B08N5WRWNW,C008,26.99,USD,4.2,-10.0,3,2026-04-23
B08N5WRWNW,C009,31.7,USD,4.8,5.7,4,2026-04-23
B08N5WRWNW,C010,35.65,USD,3.5,18.87,5,2026-04-23
B08N5WRWNW,C006,28.25,USD,3.7,-5.8,1,2026-04-24
B08N5WRWNW,C007,28.91,USD,4.5,-3.6,2,2026-04-24
B08N5WRWNW,C008,30.14,USD,4.5,0.5,3,2026-04-24
B08N5WRWNW,C009,30.67,USD,3.7,2.27,4,2026-04-24
B08N5WRWNW,C010,33.68,USD,4.0,12.3,5,2026-04-24
B08N5WRWNW,C006,24.02,USD,3.9,-19.91,1,2026-04-25
B08N5WRWNW,C007,27.58,USD,4.1,-8.04,2,2026-04-25
B08N5WRWNW,C008,28.0,USD,3.7,-6.64,3,2026-04-25
B08N5WRWNW,C009,30.65,USD,4.2,2.2,4,2026-04-25
B08N5WRWNW,C010,34.7,USD,4.4,15.71,5,2026-04-25
B08N5WRWNW,C006,25.11,USD,4.0,-16.27,1,2026-04-26
B08N5WRWNW,C007,26.09,USD,4.5,-13.0,2,2026-04-26
B08N5WRWNW,C008,30.89,USD,3.8,3.0,3,2026-04-26
B08N5WRWNW,C009,33.17,USD,3.7,10.6,4,2026-04-26
B08N5WRWNW,C010,34.12,USD,4.1,13.77,5,2026-04-26
B08N5WRWNW,C006,24.39,USD,4.6,-18.67,1,2026-04-27
B08N5WRWNW,C007,24.96,USD,4.5,-16.77,2,2026-04-27
B08N5WRWNW,C008,26.69,USD,4.6,-11.0,3,2026-04-27
B08N5WRWNW,C009,32.68,USD,4.4,8.97,4,2026-04-27
B08N5WRWNW,C010,34.04,USD,4.4,13.5,5,2026-04-27
B08N5WRWNW,C006,25.2,USD,3.6,-15.97,1,2026-04-28
B08N5WRWNW,C007,27.78,USD,4.7,-7.37,2,2026-04-28
B08N5WRWNW,C008,30.29,USD,4.1,1.0,3,2026-04-28
B08N5WRWNW,C009,31.82,USD,4.4,6.1,4,2026-04-28
B08N5WRWNW,C010,35.02,USD,4.6,16.77,5,2026-04-28
B08N5WRWNW,C006,24.58,USD,4.5,-18.04,1,2026-04-29
B08N5WRWNW,C007,25.93,USD,4.0,-13.54,2,2026-04-29
B08N5WRWNW,C008,33.58,USD,4.3,11.97,3,2026-04-29
B08N5WRWNW,C009,34.64,USD,4.2,15.51,4,2026-04-29
B08N5WRWNW,C010,35.88,USD,3.8,19.64,5,2026-04-29
B08N5WRWNW,C006,25.23,USD,3.8,-15.87,1,2026-04-30
B08N5WRWNW,C007,25.39,USD,4.4,-15.34,2,2026-04-30
B08N5WRWNW,C008,25.61,USD,4.4,-14.6,3,2026-04-30
B08N5WRWNW,C009,28.21,USD,4.2,-5.94,4,2026-04-30
B08N5WRWNW,C010,31.64,USD,4.7,5.5,5,2026-04-30
B08N5WRWNW,C006,24.89,USD,4.6,-17.01,1,2026-05-01
B08N5WRWNW,C007,28.62,USD,4.3,-4.57,2,2026-05-01
B08N5WRWNW,C008,32.87,USD,4.3,9.6,3,2026-05-01
B08N5WRWNW,C009,34.02,USD,4.0,13.44,4,2026-05-01
B08N5WRWNW,C010,35.85,USD,4.4,19.54,5,2026-05-01
B08N5WRWNW,C006,24.73,USD,3.7,-17.54,1,2026-05-02
B08N5WRWNW,C007,29.9,USD,3.8,-0.3,2,2026-05-02
B08N5WRWNW,C008,31.14,USD,3.9,3.83,3,2026-05-02
B08N5WRWNW,C009,33.23,USD,4.5,10.8,4,2026-05-02
B08N5WRWNW,C010,35.97,USD,3.7,19.94,5,2026-05-02
B08N5WRWNW,C006,24.47,USD,3.5,-18.41,1,2026-05-03
B08N5WRWNW,C007,24.53,USD,4.2,-18.21,2,2026-05-03
B08N5WRWNW,C008,25.98,USD,3.9,-13.37,3,2026-05-03
B08N5WRWNW,C009,32.31,USD,4.3,7.74,4,2026-05-03
B08N5WRWNW,C010,34.47,USD,4.1,14.94,5,2026-05-03
B08N5WRWNW,C006,24.64,USD,4.8,-17.84,1,2026-05-04
B08N5WRWNW,C007,27.44,USD,4.5,-8.5,2,2026-05-04
B08N5WRWNW,C008,32.14,USD,4.1,7.17,3,2026-05-04
B08N5WRWNW,C009,35.07,USD,3.8,16.94,4,2026-05-04
B08N5WRWNW,C010,35.46,USD,4.6,18.24,5,2026-05-04
B08N5WRWNW,C006,26.65,USD,4.4,-11.14,1,2026-05-05
B08N5WRWNW,C007,29.4,USD,4.3,-1.97,2,2026-05-05
B08N5WRWNW,C008,29.54,USD,4.3,-1.5,3,2026-05-05
B08N5WRWNW,C009,32.83,USD,3.9,9.47,4,2026-05-05
B08N5WRWNW,C010,33.91,USD,4.0,13.07,5,2026-05-05
B08N5WRWNW,C006,24.54,USD,3.8,-18.17,1,2026-05-06
B08N5WRWNW,C007,26.94,USD,4.3,-10.17,2,2026-05-06
B08N5WRWNW,C008,29.19,USD,3.8,-2.67,3,2026-05-06
B08N5WRWNW,C009,29.25,USD,3.6,-2.47,4,2026-05-06
B08N5WRWNW,C010,33.43,USD,4.5,11.47,5,2026-05-06
B08N5WRWNW,C006,27.84,USD,4.5,-7.17,1,2026-05-07
B08N5WRWNW,C007,28.51,USD,4.7,-4.93,2,2026-05-07
B08N5WRWNW,C008,28.55,USD,4.4,-4.8,3,2026-05-07
B08N5WRWNW,C009,29.17,USD,4.1,-2.73,4,2026-05-07
B08N5WRWNW,C010,33.77,USD,4.5,12.6,5,2026-05-07
B08N5WRWNW,C006,25.24,USD,4.0,-15.84,1,2026-05-08
B08N5WRWNW,C007,27.8,USD,3.7,-7.3,2,2026-05-08
B08N5WRWNW,C008,28.96,USD,4.0,-3.43,3,2026-05-08
B08N5WRWNW,C009,29.48,USD,4.2,-1.7,4,2026-05-08
B08N5WRWNW,C010,30.29,USD,4.7,1.0,5,2026-05-08
B08N5WRWNW,C006,24.24,USD,3.7,-19.17,1,2026-05-09
B08N5WRWNW,C007,24.43,USD,3.8,-18.54,2,2026-05-09
B08N5WRWNW,C008,26.99,USD,3.9,-10.0,3,2026-05-09
B08N5WRWNW,C009,29.48,USD,4.0,-1.7,4,2026-05-09
B08N5WRWNW,C010,31.45,USD,4.2,4.87,5,2026-05-09
B08N5WRWNW,C006,24.0,USD,4.2,-19.97,1,2026-05-10
B08N5WRWNW,C007,25.11,USD,3.8,-16.27,2,2026-05-10
B08N5WRWNW,C008,25.93,USD,3.5,-13.54,3,2026-05-10
B08N5WRWNW,C009,27.94,USD,4.7,-6.84,4,2026-05-10
B08N5WRWNW,C010,30.59,USD,3.6,2.0,5,2026-05-10
B08N5WRWNW,C006,25.51,USD,4.8,-14.94,1,2026-05-11
B08N5WRWNW,C007,25.75,USD,3.6,-14.14,2,2026-05-11
B08N5WRWNW,C008,31.31,USD,4.8,4.4,3,2026-05-11
B08N5WRWNW,C009,31.4,USD,3.8,4.7,4,2026-05-11
B08N5WRWNW,C010,35.76,USD,4.3,19.24,5,2026-05-11
B08N5WRWNW,C006,25.78,USD,4.0,-14.04,1,2026-05-12
B08N5WRWNW,C007,28.6,USD,4.3,-4.63,2,2026-05-12
B08N5WRWNW,C008,29.03,USD,4.8,-3.2,3,2026-05-12
B08N5WRWNW,C009,35.16,USD,3.6,17.24,4,2026-05-12
B08N5WRWNW,C010,35.95,USD,4.7,19.87,5,2026-05-12
B09XYZ1234,C011,77.36,USD,4.1,-14.03,1,2026-02-12
B09XYZ1234,C012,91.19,USD,3.7,1.33,2,2026-02-12
B09XYZ1234,C013,92.43,USD,3.8,2.71,3,2026-02-12
B09XYZ1234,C014,96.24,USD,4.6,6.95,4,2026-02-12
B09XYZ1234,C015,97.35,USD,3.5,8.18,5,2026-02-12
B09XYZ1234,C011,72.26,USD,3.6,-19.7,1,2026-02-13
B09XYZ1234,C012,77.79,USD,4.3,-13.56,2,2026-02-13
B09XYZ1234,C013,96.26,USD,4.4,6.97,3,2026-02-13
B09XYZ1234,C014,97.51,USD,4.3,8.36,4,2026-02-13
B09XYZ1234,C015,107.97,USD,4.0,19.98,5,2026-02-13
B09XYZ1234,C011,79.47,USD,4.4,-11.69,1,2026-02-14
B09XYZ1234,C012,92.26,USD,4.1,2.52,2,2026-02-14
B09XYZ1234,C013,93.38,USD,3.9,3.77,3,2026-02-14
B09XYZ1234,C014,97.09,USD,3.6,7.89,4,2026-02-14
B09XYZ1234,C015,103.74,USD,3.8,15.28,5,2026-02-14
B09XYZ1234,C011,72.39,USD,3.9,-19.56,1,2026-02-15
B09XYZ1234,C012,78.06,USD,4.0,-13.26,2,2026-02-15
B09XYZ1234,C013,80.0,USD,3.9,-11.1,3,2026-02-15
B09XYZ1234,C014,101.32,USD,4.5,12.59,4,2026-02-15
B09XYZ1234,C015,107.51,USD,4.7,19.47,5,2026-02-15
B09XYZ1234,C011,77.32,USD,4.2,-14.08,1,2026-02-16
B09XYZ1234,C012,77.52,USD,3.9,-13.86,2,2026-02-16
B09XYZ1234,C013,99.95,USD,3.7,11.07,3,2026-02-16
B09XYZ1234,C014,103.5,USD,3.5,15.01,4,2026-02-16
B09XYZ1234,C015,104.87,USD,3.8,16.54,5,2026-02-16
B09XYZ1234,C011,75.62,USD,3.8,-15.97,1,2026-02-17
B09XYZ1234,C012,93.31,USD,4.2,3.69,2,2026-02-17
B09XYZ1234,C013,100.69,USD,3.9,11.89,3,2026-02-17
B09XYZ1234,C014,104.89,USD,3.9,16.56,4,2026-02-17
B09XYZ1234,C015,106.9,USD,4.2,18.79,5,2026-02-17
B09XYZ1234,C011,76.61,USD,4.2,-14.87,1,2026-02-18
B09XYZ1234,C012,78.59,USD,4.6,-12.67,2,2026-02-18
B09XYZ1234,C013,88.88,USD,4.4,-1.23,3,2026-02-18
B09XYZ1234,C014,95.42,USD,4.4,6.03,4,2026-02-18
B09XYZ1234,C015,105.49,USD,4.4,17.22,5,2026-02-18
B09XYZ1234,C011,75.57,USD,3.6,-16.02,1,2026-02-19
B09XYZ1234,C012,82.01,USD,3.8,-8.87,2,2026-02-19
B09XYZ1234,C013,93.81,USD,3.6,4.24,3,2026-02-19
B09XYZ1234,C014,94.08,USD,4.2,4.54,4,2026-02-19
B09XYZ1234,C015,103.49,USD,3.7,15.0,5,2026-02-19
B09XYZ1234,C011,83.13,USD,4.2,-7.62,1,2026-02-20
B09XYZ1234,C012,91.75,USD,4.1,1.96,2,2026-02-20
B09XYZ1234,C013,93.96,USD,4.4,4.41,3,2026-02-20
B09XYZ1234,C014,100.46,USD,3.8,11.63,4,2026-02-20
B09XYZ1234,C015,101.58,USD,4.8,12.88,5,2026-02-20
B09XYZ1234,C011,75.52,USD,3.6,-16.08,1,2026-02-21
B09XYZ1234,C012,80.81,USD,4.5,-10.2,2,2026-02-21
B09XYZ1234,C013,93.38,USD,4.3,3.77,3,2026-02-21
B09XYZ1234,C014,98.83,USD,3.6,9.82,4,2026-02-21
B09XYZ1234,C015,101.84,USD,3.6,13.17,5,2026-02-21
B09XYZ1234,C011,82.54,USD,3.9,-8.28,1,2026-02-22
B09XYZ1234,C012,97.12,USD,4.4,7.92,2,2026-02-22
B09XYZ1234,C013,99.02,USD,4.7,10.03,3,2026-02-22
B09XYZ1234,C014,99.42,USD,3.6,10.48,4,2026-02-22
B09XYZ1234,C015,104.0,USD,3.9,15.57,5,2026-02-22
B09XYZ1234,C011,80.44,USD,3.9,-10.61,1,2026-02-23
B09XYZ1234,C012,86.15,USD,3.7,-4.27,2,2026-02-23
B09XYZ1234,C013,89.06,USD,3.8,-1.03,3,2026-02-23
B09XYZ1234,C014,92.54,USD,4.6,2.83,4,2026-02-23
B09XYZ1234,C015,98.71,USD,4.3,9.69,5,2026-02-23
B09XYZ1234,C011,74.31,USD,4.8,-17.42,1,2026-02-24
B09XYZ1234,C012,80.27,USD,4.4,-10.8,2,2026-02-24
B09XYZ1234,C013,81.13,USD,4.3,-9.85,3,2026-02-24
B09XYZ1234,C014,85.6,USD,3.5,-4.88,4,2026-02-24
B09XYZ1234,C015,100.43,USD,3.7,11.6,5,2026-02-24
B09XYZ1234,C011,85.66,USD,4.5,-4.81,1,2026-02-25
B09XYZ1234,C012,88.1,USD,4.8,-2.1,2,2026-02-25
B09XYZ1234,C013,94.87,USD,4.1,5.42,3,2026-02-25
B09XYZ1234,C014,99.52,USD,4.3,10.59,4,2026-02-25
B09XYZ1234,C015,105.26,USD,4.7,16.97,5,2026-02-25
B09XYZ1234,C011,75.5,USD,4.3,-16.1,1,2026-02-26
B09XYZ1234,C012,80.94,USD,4.1,-10.06,2,2026-02-26
B09XYZ1234,C013,95.33,USD,4.3,5.93,3,2026-02-26
B09XYZ1234,C014,100.17,USD,3.7,11.31,4,2026-02-26
B09XYZ1234,C015,103.9,USD,3.8,15.46,5,2026-02-26
B09XYZ1234,C011,80.79,USD,4.0,-10.22,1,2026-02-27
B09XYZ1234,C012,81.71,USD,4.1,-9.2,2,2026-02-27
B09XYZ1234,C013,87.9,USD,4.0,-2.32,3,2026-02-27
B09XYZ1234,C014,93.51,USD,3.7,3.91,4,2026-02-27
B09XYZ1234,C015,103.77,USD,4.5,15.31,5,2026-02-27
B09XYZ1234,C011,72.58,USD,4.6,-19.35,1,2026-02-28
B09XYZ1234,C012,88.13,USD,4.7,-2.07,2,2026-02-28
B09XYZ1234,C013,98.04,USD,3.9,8.95,3,2026-02-28
B09XYZ1234,C014,101.36,USD,4.3,12.63,4,2026-02-28
B09XYZ1234,C015,106.69,USD,4.3,18.56,5,2026-02-28
B09XYZ1234,C011,76.09,USD,4.5,-15.45,1,2026-03-01
B09XYZ1234,C012,79.98,USD,3.9,-11.12,2,2026-03-01
B09XYZ1234,C013,81.61,USD,3.8,-9.31,3,2026-03-01
B09XYZ1234,C014,95.72,USD,4.1,6.37,4,2026-03-01
B09XYZ1234,C015,100.1,USD,4.2,11.23,5,2026-03-01
B09XYZ1234,C011,102.6,USD,4.1,14.01,1,2026-03-02
B09XYZ1234,C012,103.48,USD,3.6,14.99,2,2026-03-02
B09XYZ1234,C013,104.97,USD,3.6,16.65,3,2026-03-02
B09XYZ1234,C014,105.08,USD,4.0,16.77,4,2026-03-02
B09XYZ1234,C015,106.71,USD,3.8,18.58,5,2026-03-02
B09XYZ1234,C011,78.11,USD,4.3,-13.2,1,2026-03-03
B09XYZ1234,C012,79.03,USD,4.4,-12.18,2,2026-03-03
B09XYZ1234,C013,99.38,USD,3.9,10.43,3,2026-03-03
B09XYZ1234,C014,106.3,USD,4.3,18.12,4,2026-03-03
B09XYZ1234,C015,106.53,USD,3.7,18.38,5,2026-03-03
B09XYZ1234,C011,81.18,USD,4.1,-9.79,1,2026-03-04
B09XYZ1234,C012,82.86,USD,4.3,-7.92,2,2026-03-04
B09XYZ1234,C013,95.62,USD,3.7,6.26,3,2026-03-04
B09XYZ1234,C014,97.59,USD,4.4,8.45,4,2026-03-04
B09XYZ1234,C015,105.75,USD,3.9,17.51,5,2026-03-04
B09XYZ1234,C011,77.83,USD,3.7,-13.51,1,2026-03-05
B09XYZ1234,C012,81.81,USD,3.8,-9.09,2,2026-03-05
B09XYZ1234,C013,83.92,USD,4.2,-6.75,3,2026-03-05
B09XYZ1234,C014,83.96,USD,3.7,-6.7,4,2026-03-05
B09XYZ1234,C015,88.34,USD,4.4,-1.83,5,2026-03-05
B09XYZ1234,C011,73.54,USD,4.4,-18.28,1,2026-03-06
B09XYZ1234,C012,75.53,USD,4.5,-16.07,2,2026-03-06
B09XYZ1234,C013,87.35,USD,4.6,-2.93,3,2026-03-06
B09XYZ1234,C014,104.43,USD,3.6,16.05,4,2026-03-06
B09XYZ1234,C015,105.97,USD,4.5,17.76,5,2026-03-06
B09XYZ1234,C011,74.28,USD,4.6,-17.46,1,2026-03-07
B09XYZ1234,C012,78.22,USD,4.3,-13.08,2,2026-03-07
B09XYZ1234,C013,82.91,USD,4.5,-7.87,3,2026-03-07
B09XYZ1234,C014,85.55,USD,4.4,-4.93,4,2026-03-07
B09XYZ1234,C015,107.84,USD,4.6,19.84,5,2026-03-07
B09XYZ1234,C011,72.02,USD,3.7,-19.97,1,2026-03-08
B09XYZ1234,C012,76.45,USD,3.9,-15.05,2,2026-03-08
B09XYZ1234,C013,78.61,USD,3.6,-12.65,3,2026-03-08
B09XYZ1234,C014,84.73,USD,3.6,-5.85,4,2026-03-08
B09XYZ1234,C015,93.54,USD,4.7,3.94,5,2026-03-08
B09XYZ1234,C011,77.12,USD,4.3,-14.3,1,2026-03-09
B09XYZ1234,C012,83.23,USD,4.4,-7.51,2,2026-03-09
B09XYZ1234,C013,97.73,USD,3.6,8.6,3,2026-03-09
B09XYZ1234,C014,106.71,USD,3.7,18.58,4,2026-03-09
B09XYZ1234,C015,107.35,USD,3.6,19.29,5,2026-03-09
B09XYZ1234,C011,93.74,USD,4.4,4.17,1,2026-03-10
B09XYZ1234,C012,96.18,USD,3.6,6.88,2,2026-03-10
B09XYZ1234,C013,97.58,USD,4.6,8.43,3,2026-03-10
B09XYZ1234,C014,107.43,USD,4.0,19.38,4,2026-03-10
B09XYZ1234,C015,107.51,USD,3.5,19.47,5,2026-03-10
B09XYZ1234,C011,78.25,USD,3.6,-13.05,1,2026-03-11
B09XYZ1234,C012,81.25,USD,3.6,-9.71,2,2026-03-11
B09XYZ1234,C013,89.68,USD,4.4,-0.34,3,2026-03-11
B09XYZ1234,C014,90.25,USD,4.6,0.29,4,2026-03-11
B09XYZ1234,C015,105.72,USD,3.7,17.48,5,2026-03-11
B09XYZ1234,C011,72.96,USD,4.3,-18.92,1,2026-03-12
B09XYZ1234,C012,79.01,USD,4.0,-12.2,2,2026-03-12
B09XYZ1234,C013,82.37,USD,4.2,-8.47,3,2026-03-12
B09XYZ1234,C014,91.91,USD,3.6,2.13,4,2026-03-12
B09XYZ1234,C015,97.19,USD,3.7,8.0,5,2026-03-12
B09XYZ1234,C011,95.37,USD,4.7,5.98,1,2026-03-13
B09XYZ1234,C012,99.4,USD,4.0,10.46,2,2026-03-13
B09XYZ1234,C013,104.99,USD,3.5,16.67,3,2026-03-13
B09XYZ1234,C014,105.21,USD,3.6,16.91,4,2026-03-13
B09XYZ1234,C015,105.53,USD,3.6,17.27,5,2026-03-13
B09XYZ1234,C011,75.42,USD,3.7,-16.19,1,2026-03-14
B09XYZ1234,C012,84.65,USD,4.5,-5.93,2,2026-03-14
B09XYZ1234,C013,93.24,USD,4.0,3.61,3,2026-03-14
B09XYZ1234,C014,97.23,USD,3.5,8.05,4,2026-03-14
B09XYZ1234,C015,100.45,USD,3.9,11.62,5,2026-03-14
B09XYZ1234,C011,81.86,USD,3.7,-9.03,1,2026-03-15
B09XYZ1234,C012,83.89,USD,4.6,-6.78,2,2026-03-15
B09XYZ1234,C013,97.03,USD,4.4,7.82,3,2026-03-15
B09XYZ1234,C014,99.35,USD,3.8,10.4,4,2026-03-15
B09XYZ1234,C015,101.22,USD,4.3,12.48,5,2026-03-15
B09XYZ1234,C011,75.59,USD,3.7,-16.0,1,2026-03-16
B09XYZ1234,C012,76.03,USD,3.7,-15.51,2,2026-03-16
B09XYZ1234,C013,87.81,USD,4.7,-2.42,3,2026-03-16
B09XYZ1234,C014,89.4,USD,3.9,-0.66,4,2026-03-16
B09XYZ1234,C015,90.65,USD,4.0,0.73,5,2026-03-16
B09XYZ1234,C011,82.79,USD,3.6,-8.0,1,2026-03-17
B09XYZ1234,C012,83.59,USD,4.2,-7.11,2,2026-03-17
B09XYZ1234,C013,92.26,USD,3.9,2.52,3,2026-03-17
B09XYZ1234,C014,104.33,USD,4.5,15.94,4,2026-03-17
B09XYZ1234,C015,105.08,USD,4.6,16.77,5,2026-03-17
B09XYZ1234,C011,81.74,USD,3.5,-9.17,1,2026-03-18
B09XYZ1234,C012,89.0,USD,4.5,-1.1,2,2026-03-18
B09XYZ1234,C013,89.59,USD,3.6,-0.44,3,2026-03-18
B09XYZ1234,C014,91.9,USD,3.9,2.12,4,2026-03-18
B09XYZ1234,C015,106.96,USD,4.2,18.86,5,2026-03-18
B09XYZ1234,C011,73.54,USD,3.9,-18.28,1,2026-03-19
B09XYZ1234,C012,74.58,USD,3.8,-17.12,2,2026-03-19
B09XYZ1234,C013,74.85,USD,3.7,-16.82,3,2026-03-19
B09XYZ1234,C014,89.17,USD,4.5,-0.91,4,2026-03-19
B09XYZ1234,C015,97.05,USD,4.7,7.85,5,2026-03-19
B09XYZ1234,C011,77.04,USD,4.4,-14.39,1,2026-03-20
B09XYZ1234,C012,93.4,USD,4.6,3.79,2,2026-03-20
B09XYZ1234,C013,95.09,USD,4.1,5.67,3,2026-03-20
B09XYZ1234,C014,97.55,USD,4.2,8.4,4,2026-03-20
B09XYZ1234,C015,106.54,USD,3.9,18.39,5,2026-03-20
B09XYZ1234,C011,73.2,USD,3.7,-18.66,1,2026-03-21
B09XYZ1234,C012,75.38,USD,4.3,-16.24,2,2026-03-21
B09XYZ1234,C013,75.78,USD,4.3,-15.79,3,2026-03-21
B09XYZ1234,C014,81.91,USD,4.0,-8.98,4,2026-03-21
B09XYZ1234,C015,95.92,USD,3.6,6.59,5,2026-03-21
B09XYZ1234,C011,84.69,USD,4.1,-5.89,1,2026-03-22
B09XYZ1234,C012,87.59,USD,4.8,-2.67,2,2026-03-22
B09XYZ1234,C013,89.69,USD,4.5,-0.33,3,2026-03-22
B09XYZ1234,C014,92.83,USD,4.1,3.16,4,2026-03-22
B09XYZ1234,C015,97.93,USD,4.1,8.82,5,2026-03-22
B09XYZ1234,C011,72.95,USD,4.4,-18.94,1,2026-03-23
B09XYZ1234,C012,81.2,USD,3.6,-9.77,2,2026-03-23
B09XYZ1234,C013,83.48,USD,3.6,-7.23,3,2026-03-23
B09XYZ1234,C014,105.92,USD,3.5,17.7,4,2026-03-23
B09XYZ1234,C015,107.97,USD,4.3,19.98,5,2026-03-23
B09XYZ1234,C011,74.57,USD,3.9,-17.14,1,2026-03-24
B09XYZ1234,C012,91.65,USD,3.6,1.84,2,2026-03-24
B09XYZ1234,C013,94.19,USD,4.5,4.67,3,2026-03-24
B09XYZ1234,C014,105.59,USD,3.6,17.34,4,2026-03-24
B09XYZ1234,C015,105.72,USD,3.6,17.48,5,2026-03-24
B09XYZ1234,C011,72.44,USD,4.3,-19.5,1,2026-03-25
B09XYZ1234,C012,83.19,USD,4.6,-7.56,2,2026-03-25
B09XYZ1234,C013,87.62,USD,4.0,-2.63,3,2026-03-25
B09XYZ1234,C014,97.47,USD,4.6,8.31,4,2026-03-25
B09XYZ1234,C015,100.84,USD,4.2,12.06,5,2026-03-25
B09XYZ1234,C011,72.94,USD,4.0,-18.95,1,2026-03-26
B09XYZ1234,C012,80.02,USD,4.0,-11.08,2,2026-03-26
B09XYZ1234,C013,80.73,USD,4.2,-10.29,3,2026-03-26
B09XYZ1234,C014,81.89,USD,4.6,-9.0,4,2026-03-26
B09XYZ1234,C015,105.98,USD,3.9,17.77,5,2026-03-26
B09XYZ1234,C011,75.72,USD,4.2,-15.86,1,2026-03-27
B09XYZ1234,C012,77.67,USD,4.4,-13.69,2,2026-03-27
B09XYZ1234,C013,84.24,USD,4.5,-6.39,3,2026-03-27
B09XYZ1234,C014,90.74,USD,4.3,0.83,4,2026-03-27
B09XYZ1234,C015,101.57,USD,4.5,12.87,5,2026-03-27
B09XYZ1234,C011,73.18,USD,4.1,-18.68,1,2026-03-28
B09XYZ1234,C012,73.39,USD,4.0,-18.45,2,2026-03-28
B09XYZ1234,C013,76.17,USD,4.2,-15.36,3,2026-03-28
B09XYZ1234,C014,83.83,USD,4.1,-6.85,4,2026-03-28
B09XYZ1234,C015,86.13,USD,4.4,-4.29,5,2026-03-28
B09XYZ1234,C011,83.44,USD,3.9,-7.28,1,2026-03-29
B09XYZ1234,C012,84.45,USD,3.9,-6.16,2,2026-03-29
B09XYZ1234,C013,93.05,USD,4.4,3.4,3,2026-03-29
B09XYZ1234,C014,93.46,USD,4.3,3.86,4,2026-03-29
B09XYZ1234,C015,96.0,USD,3.7,6.68,5,2026-03-29
B09XYZ1234,C011,73.3,USD,4.2,-18.55,1,2026-03-30
B09XYZ1234,C012,77.87,USD,4.1,-13.47,2,2026-03-30
B09XYZ1234,C013,87.87,USD,3.5,-2.36,3,2026-03-30
B09XYZ1234,C014,102.77,USD,4.7,14.2,4,2026-03-30
B09XYZ1234,C015,104.13,USD,4.1,15.71,5,2026-03-30
B09XYZ1234,C011,82.31,USD,3.8,-8.53,1,2026-03-31
B09XYZ1234,C012,92.04,USD,4.4,2.28,2,2026-03-31
B09XYZ1234,C013,103.17,USD,4.2,14.65,3,2026-03-31
B09XYZ1234,C014,105.19,USD,4.7,16.89,4,2026-03-31
B09XYZ1234,C015,106.34,USD,4.1,18.17,5,2026-03-31
B09XYZ1234,C011,73.01,USD,4.5,-18.87,1,2026-04-01
B09XYZ1234,C012,76.97,USD,4.7,-14.47,2,2026-04-01
B09XYZ1234,C013,81.66,USD,3.6,-9.26,3,2026-04-01
B09XYZ1234,C014,97.14,USD,3.6,7.95,4,2026-04-01
B09XYZ1234,C015,107.06,USD,4.4,18.97,5,2026-04-01
B09XYZ1234,C011,74.47,USD,4.6,-17.25,1,2026-04-02
B09XYZ1234,C012,90.83,USD,4.6,0.93,2,2026-04-02
B09XYZ1234,C013,95.32,USD,4.2,5.92,3,2026-04-02
B09XYZ1234,C014,102.03,USD,3.8,13.38,4,2026-04-02
B09XYZ1234,C015,104.65,USD,4.2,16.29,5,2026-04-02
B09XYZ1234,C011,73.95,USD,3.9,-17.82,1,2026-04-03
B09XYZ1234,C012,75.62,USD,3.8,-15.97,2,2026-04-03
B09XYZ1234,C013,76.81,USD,4.3,-14.65,3,2026-04-03
B09XYZ1234,C014,90.39,USD,4.5,0.44,4,2026-04-03
B09XYZ1234,C015,95.71,USD,3.6,6.36,5,2026-04-03
B09XYZ1234,C011,84.31,USD,3.7,-6.31,1,2026-04-04
B09XYZ1234,C012,86.48,USD,4.2,-3.9,2,2026-04-04
B09XYZ1234,C013,95.71,USD,3.6,6.36,3,2026-04-04
B09XYZ1234,C014,102.6,USD,4.6,14.01,4,2026-04-04
B09XYZ1234,C015,102.98,USD,4.7,14.43,5,2026-04-04
B09XYZ1234,C011,80.92,USD,3.6,-10.08,1,2026-04-05
B09XYZ1234,C012,92.06,USD,4.2,2.3,2,2026-04-05
B09XYZ1234,C013,92.24,USD,3.9,2.5,3,2026-04-05
B09XYZ1234,C014,101.57,USD,3.9,12.87,4,2026-04-05
B09XYZ1234,C015,107.43,USD,3.5,19.38,5,2026-04-05
B09XYZ1234,C011,73.45,USD,4.6,-18.38,1,2026-04-06
B09XYZ1234,C012,78.75,USD,3.9,-12.49,2,2026-04-06
B09XYZ1234,C013,81.5,USD,4.4,-9.43,3,2026-04-06
B09XYZ1234,C014,85.11,USD,4.5,-5.42,4,2026-04-06
B09XYZ1234,C015,93.45,USD,3.9,3.84,5,2026-04-06
B09XYZ1234,C011,72.03,USD,4.8,-19.96,1,2026-04-07
B09XYZ1234,C012,73.26,USD,4.5,-18.59,2,2026-04-07
B09XYZ1234,C013,92.12,USD,4.7,2.37,3,2026-04-07
B09XYZ1234,C014,96.9,USD,4.7,7.68,4,2026-04-07
B09XYZ1234,C015,101.57,USD,3.5,12.87,5,2026-04-07
B09XYZ1234,C011,72.23,USD,4.5,-19.74,1,2026-04-08
B09XYZ1234,C012,82.37,USD,4.5,-8.47,2,2026-04-08
B09XYZ1234,C013,88.23,USD,4.3,-1.96,3,2026-04-08
B09XYZ1234,C014,100.41,USD,3.9,11.58,4,2026-04-08
B09XYZ1234,C015,100.5,USD,3.9,11.68,5,2026-04-08
B09XYZ1234,C011,86.73,USD,4.2,-3.62,1,2026-04-09
B09XYZ1234,C012,87.8,USD,4.1,-2.43,2,2026-04-09
B09XYZ1234,C013,88.09,USD,4.6,-2.11,3,2026-04-09
B09XYZ1234,C014,91.87,USD,4.7,2.09,4,2026-04-09
B09XYZ1234,C015,106.79,USD,4.7,18.67,5,2026-04-09
B09XYZ1234,C011,87.91,USD,4.4,-2.31,1,2026-04-10
B09XYZ1234,C012,92.26,USD,4.5,2.52,2,2026-04-10
B09XYZ1234,C013,92.3,USD,4.4,2.57,3,2026-04-10
B09XYZ1234,C014,97.38,USD,4.5,8.21,4,2026-04-10
B09XYZ1234,C015,102.17,USD,3.8,13.53,5,2026-04-10
B09XYZ1234,C011,72.08,USD,3.7,-19.9,1,2026-04-11
B09XYZ1234,C012,89.93,USD,4.6,-0.07,2,2026-04-11
B09XYZ1234,C013,93.17,USD,4.4,3.53,3,2026-04-11
B09XYZ1234,C014,93.95,USD,4.5,4.4,4,2026-04-11
B09XYZ1234,C015,102.8,USD,4.0,14.23,5,2026-04-11
B09XYZ1234,C011,72.02,USD,4.4,-19.97,1,2026-04-12
B09XYZ1234,C012,86.9,USD,4.2,-3.43,2,2026-04-12
B09XYZ1234,C013,92.53,USD,4.1,2.82,3,2026-04-12
B09XYZ1234,C014,95.2,USD,4.6,5.79,4,2026-04-12
B09XYZ1234,C015,102.74,USD,4.4,14.17,5,2026-04-12
B09XYZ1234,C011,82.0,USD,4.7,-8.88,1,2026-04-13
B09XYZ1234,C012,97.45,USD,4.5,8.29,2,2026-04-13
B09XYZ1234,C013,106.51,USD,4.3,18.36,3,2026-04-13
B09XYZ1234,C014,106.95,USD,3.7,18.85,4,2026-04-13
B09XYZ1234,C015,107.55,USD,4.2,19.51,5,2026-04-13
B09XYZ1234,C011,75.94,USD,4.2,-15.61,1,2026-04-14
B09XYZ1234,C012,85.7,USD,4.1,-4.77,2,2026-04-14
B09XYZ1234,C013,90.74,USD,3.6,0.83,3,2026-04-14
B09XYZ1234,C014,99.54,USD,3.7,10.61,4,2026-04-14
B09XYZ1234,C015,103.25,USD,4.6,14.73,5,2026-04-14
B09XYZ1234,C011,72.59,USD,4.4,-19.34,1,2026-04-15
B09XYZ1234,C012,73.75,USD,4.5,-18.05,2,2026-04-15
B09XYZ1234,C013,77.91,USD,3.8,-13.42,3,2026-04-15
B09XYZ1234,C014,89.04,USD,4.3,-1.06,4,2026-04-15
B09XYZ1234,C015,89.43,USD,3.7,-0.62,5,2026-04-15
B09XYZ1234,C011,80.1,USD,3.9,-10.99,1,2026-04-16
B09XYZ1234,C012,82.92,USD,4.1,-7.86,2,2026-04-16
B09XYZ1234,C013,91.58,USD,4.1,1.77,3,2026-04-16
B09XYZ1234,C014,103.88,USD,4.8,15.44,4,2026-04-16
B09XYZ1234,C015,103.99,USD,3.6,15.56,5,2026-04-16
B09XYZ1234,C011,84.38,USD,3.9,-6.23,1,2026-04-17
B09XYZ1234,C012,90.68,USD,4.5,0.77,2,2026-04-17
B09XYZ1234,C013,91.9,USD,4.1,2.12,3,2026-04-17
B09XYZ1234,C014,102.66,USD,4.7,14.08,4,2026-04-17
B09XYZ1234,C015,103.08,USD,4.3,14.55,5,2026-04-17
B09XYZ1234,C011,78.63,USD,4.8,-12.62,1,2026-04-18
B09XYZ1234,C012,90.13,USD,4.6,0.16,2,2026-04-18
B09XYZ1234,C013,90.51,USD,4.6,0.58,3,2026-04-18
B09XYZ1234,C014,97.59,USD,4.1,8.45,4,2026-04-18
B09XYZ1234,C015,104.55,USD,4.6,16.18,5,2026-04-18
B09XYZ1234,C011,77.05,USD,3.9,-14.38,1,2026-04-19
B09XYZ1234,C012,83.03,USD,4.0,-7.73,2,2026-04-19
B09XYZ1234,C013,83.04,USD,4.6,-7.72,3,2026-04-19
B09XYZ1234,C014,88.04,USD,3.8,-2.17,4,2026-04-19
B09XYZ1234,C015,99.42,USD,4.5,10.48,5,2026-04-19
B09XYZ1234,C011,74.65,USD,4.7,-17.05,1,2026-04-20
B09XYZ1234,C012,86.45,USD,4.5,-3.93,2,2026-04-20
B09XYZ1234,C013,98.0,USD,4.0,8.9,3,2026-04-20
B09XYZ1234,C014,99.56,USD,4.1,10.63,4,2026-04-20
B09XYZ1234,C015,100.5,USD,4.5,11.68,5,2026-04-20
B09XYZ1234,C011,75.12,USD,3.6,-16.52,1,2026-04-21
B09XYZ1234,C012,82.52,USD,4.8,-8.3,2,2026-04-21
B09XYZ1234,C013,83.8,USD,4.6,-6.88,3,2026-04-21
B09XYZ1234,C014,100.93,USD,4.6,12.16,4,2026-04-21
B09XYZ1234,C015,101.0,USD,4.7,12.23,5,2026-04-21
B09XYZ1234,C011,76.67,USD,4.7,-14.8,1,2026-04-22
B09XYZ1234,C012,79.91,USD,3.5,-11.2,2,2026-04-22
B09XYZ1234,C013,82.32,USD,3.7,-8.52,3,2026-04-22
B09XYZ1234,C014,87.77,USD,3.8,-2.47,4,2026-04-22
B09XYZ1234,C015,90.03,USD,3.8,0.04,5,2026-04-22
B09XYZ1234,C011,80.12,USD,4.3,-10.97,1,2026-04-23
B09XYZ1234,C012,83.78,USD,4.4,-6.9,2,2026-04-23
B09XYZ1234,C013,94.13,USD,4.0,4.6,3,2026-04-23
B09XYZ1234,C014,95.61,USD,3.7,6.25,4,2026-04-23
B09XYZ1234,C015,104.04,USD,3.9,15.61,5,2026-04-23
B09XYZ1234,C011,81.98,USD,4.4,-8.9,1,2026-04-24
B09XYZ1234,C012,88.22,USD,4.2,-1.97,2,2026-04-24
B09XYZ1234,C013,94.37,USD,4.7,4.87,3,2026-04-24
B09XYZ1234,C014,102.07,USD,4.4,13.42,4,2026-04-24
B09XYZ1234,C015,106.7,USD,4.3,18.57,5,2026-04-24
B09XYZ1234,C011,75.82,USD,4.3,-15.75,1,2026-04-25
B09XYZ1234,C012,78.82,USD,3.6,-12.41,2,2026-04-25
B09XYZ1234,C013,86.95,USD,4.6,-3.38,3,2026-04-25
B09XYZ1234,C014,93.55,USD,3.8,3.96,4,2026-04-25
B09XYZ1234,C015,106.73,USD,4.5,18.6,5,2026-04-25
B09XYZ1234,C011,73.08,USD,3.6,-18.79,1,2026-04-26
B09XYZ1234,C012,78.34,USD,4.5,-12.95,2,2026-04-26
B09XYZ1234,C013,81.95,USD,4.0,-8.93,3,2026-04-26
B09XYZ1234,C014,91.23,USD,4.0,1.38,4,2026-04-26
B09XYZ1234,C015,101.36,USD,3.8,12.63,5,2026-04-26
B09XYZ1234,C011,79.3,USD,3.9,-11.88,1,2026-04-27
B09XYZ1234,C012,79.56,USD,3.6,-11.59,2,2026-04-27
B09XYZ1234,C013,82.69,USD,3.7,-8.11,3,2026-04-27
B09XYZ1234,C014,83.12,USD,4.0,-7.63,4,2026-04-27
B09XYZ1234,C015,102.92,USD,4.6,14.37,5,2026-04-27
B09XYZ1234,C011,74.05,USD,3.8,-17.71,1,2026-04-28
B09XYZ1234,C012,79.65,USD,4.0,-11.49,2,2026-04-28
B09XYZ1234,C013,96.45,USD,3.8,7.18,3,2026-04-28
B09XYZ1234,C014,104.03,USD,3.7,15.6,4,2026-04-28
B09XYZ1234,C015,104.69,USD,4.0,16.34,5,2026-04-28
B09XYZ1234,C011,82.66,USD,4.5,-8.15,1,2026-04-29
B09XYZ1234,C012,84.44,USD,4.6,-6.17,2,2026-04-29
B09XYZ1234,C013,84.95,USD,3.9,-5.6,3,2026-04-29
B09XYZ1234,C014,92.72,USD,4.2,3.03,4,2026-04-29
B09XYZ1234,C015,93.98,USD,3.9,4.43,5,2026-04-29
B09XYZ1234,C011,73.91,USD,3.7,-17.87,1,2026-04-30
B09XYZ1234,C012,78.15,USD,3.6,-13.16,2,2026-04-30
B09XYZ1234,C013,87.32,USD,4.0,-2.97,3,2026-04-30
B09XYZ1234,C014,89.52,USD,4.7,-0.52,4,2026-04-30
B09XYZ1234,C015,98.55,USD,4.3,9.51,5,2026-04-30
B09XYZ1234,C011,73.39,USD,4.5,-18.45,1,2026-05-01
B09XYZ1234,C012,75.31,USD,4.1,-16.31,2,2026-05-01
B09XYZ1234,C013,85.72,USD,3.9,-4.74,3,2026-05-01
B09XYZ1234,C014,91.52,USD,3.6,1.7,4,2026-05-01
B09XYZ1234,C015,93.6,USD,3.5,4.01,5,2026-05-01
B09XYZ1234,C011,80.78,USD,3.6,-10.23,1,2026-05-02
B09XYZ1234,C012,87.47,USD,3.7,-2.8,2,2026-05-02
B09XYZ1234,C013,92.66,USD,3.9,2.97,3,2026-05-02
B09XYZ1234,C014,96.62,USD,4.4,7.37,4,2026-05-02
B09XYZ1234,C015,103.79,USD,4.1,15.34,5,2026-05-02
B09XYZ1234,C011,98.42,USD,4.6,9.37,1,2026-05-03
B09XYZ1234,C012,99.15,USD,4.6,10.18,2,2026-05-03
B09XYZ1234,C013,99.29,USD,4.4,10.33,3,2026-05-03
B09XYZ1234,C014,103.22,USD,4.5,14.7,4,2026-05-03
B09XYZ1234,C015,107.71,USD,4.7,19.69,5,2026-05-03
B09XYZ1234,C011,87.52,USD,4.6,-2.74,1,2026-05-04
B09XYZ1234,C012,89.1,USD,4.5,-0.99,2,2026-05-04
B09XYZ1234,C013,90.53,USD,4.8,0.6,3,2026-05-04
B09XYZ1234,C014,94.97,USD,3.8,5.53,4,2026-05-04
B09XYZ1234,C015,102.63,USD,4.4,14.05,5,2026-05-04
B09XYZ1234,C011,92.64,USD,3.7,2.94,1,2026-05-05
B09XYZ1234,C012,92.84,USD,4.8,3.17,2,2026-05-05
B09XYZ1234,C013,99.24,USD,3.8,10.28,3,2026-05-05
B09XYZ1234,C014,104.64,USD,4.4,16.28,4,2026-05-05
B09XYZ1234,C015,105.69,USD,4.5,17.45,5,2026-05-05
B09XYZ1234,C011,78.79,USD,3.6,-12.45,1,2026-05-06
B09XYZ1234,C012,79.59,USD,4.4,-11.56,2,2026-05-06
B09XYZ1234,C013,87.87,USD,3.8,-2.36,3,2026-05-06
B09XYZ1234,C014,90.38,USD,4.6,0.43,4,2026-05-06
B09XYZ1234,C015,102.82,USD,3.9,14.26,5,2026-05-06
B09XYZ1234,C011,75.05,USD,4.1,-16.6,1,2026-05-07
B09XYZ1234,C012,79.2,USD,3.9,-11.99,2,2026-05-07
B09XYZ1234,C013,88.22,USD,3.8,-1.97,3,2026-05-07
B09XYZ1234,C014,90.41,USD,3.9,0.47,4,2026-05-07
B09XYZ1234,C015,99.04,USD,4.7,10.06,5,2026-05-07
B09XYZ1234,C011,75.17,USD,3.6,-16.47,1,2026-05-08
B09XYZ1234,C012,77.93,USD,4.5,-13.4,2,2026-05-08
B09XYZ1234,C013,80.94,USD,4.2,-10.06,3,2026-05-08
B09XYZ1234,C014,83.76,USD,3.9,-6.92,4,2026-05-08
B09XYZ1234,C015,107.56,USD,4.4,19.52,5,2026-05-08
B09XYZ1234,C011,94.69,USD,4.5,5.22,1,2026-05-09
B09XYZ1234,C012,96.49,USD,4.1,7.22,2,2026-05-09
B09XYZ1234,C013,101.43,USD,4.4,12.71,3,2026-05-09
B09XYZ1234,C014,105.82,USD,3.6,17.59,4,2026-05-09
B09XYZ1234,C015,106.59,USD,4.5,18.45,5,2026-05-09
B09XYZ1234,C011,75.05,USD,4.2,-16.6,1,2026-05-10
B09XYZ1234,C012,80.13,USD,4.7,-10.96,2,2026-05-10
B09XYZ1234,C013,102.09,USD,4.7,13.45,3,2026-05-10
B09XYZ1234,C014,105.58,USD,3.7,17.32,4,2026-05-10
B09XYZ1234,C015,106.61,USD,4.0,18.47,5,2026-05-10
B09XYZ1234,C011,72.83,USD,4.2,-19.07,1,2026-05-11
B09XYZ1234,C012,77.52,USD,4.3,-13.86,2,2026-05-11
B09XYZ1234,C013,79.97,USD,4.3,-11.13,3,2026-05-11
B09XYZ1234,C014,83.68,USD,4.5,-7.01,4,2026-05-11
B09XYZ1234,C015,97.12,USD,4.0,7.92,5,2026-05-11
B09XYZ1234,C011,72.55,USD,3.5,-19.38,1,2026-05-12
B09XYZ1234,C012,78.41,USD,3.7,-12.87,2,2026-05-12
B09XYZ1234,C013,79.43,USD,4.4,-11.73,3,2026-05-12
B09XYZ1234,C014,81.84,USD,4.3,-9.06,4,2026-05-12
B09XYZ1234,C015,83.24,USD,4.7,-7.5,5,2026-05-12
