asin,scrape_date,current_price,currency,price_7d_ma,price_7d_volatility,price_momentum,comp_median_price,comp_avg_price,comp_min_price,comp_max_price,comp_count,competitors_below,comp_pressure_score,suggested_price,price_position
B08N5WRWNW,2026-02-12,30.12,USD,30.12,,,27.43,27.836000000000002,24.56,32.24,5,4,0.8,27.43,above_market
B08N5WRWNW,2026-02-13,30.15,USD,30.134999999999998,0.021213203435595972,,26.97,27.344,24.16,31.81,5,4,0.8,26.97,above_market
B08N5WRWNW,2026-02-14,30.13,USD,30.133333333333336,0.01527525231651914,,29.05,28.542,24.25,31.11,5,3,0.6,29.05,at_market
B08N5WRWNW,2026-02-15,29.97,USD,30.0925,0.0826135582092924,,33.16,32.146,27.41,35.14,5,1,0.2,33.16,below_market
B08N5WRWNW,2026-02-16,29.85,USD,30.044,0.12992305415129385,,29.42,30.316000000000003,24.19,35.84,5,3,0.6,29.42,at_market
B08N5WRWNW,2026-02-17,30.05,USD,30.045,0.11623252556836243,,27.18,28.448,24.61,35.33,5,4,0.8,27.18,above_market
B08N5WRWNW,2026-02-18,30.4,USD,30.095714285714283,0.17106111411394603,,30.04,31.060000000000002,27.34,34.3,5,3,0.6,30.04,at_market
B08N5WRWNW,2026-02-19,30.11,USD,30.094285714285714,0.1708661408683353,-0.00033200531208499307,26.39,27.552,24.36,32.15,5,4,0.8,26.39,above_market
B08N5WRWNW,2026-02-20,29.87,USD,30.054285714285715,0.187603939444879,-0.00928689883913758,29.59,29.910000000000004,26.56,34.22,5,3,0.6,29.59,at_market
B08N5WRWNW,2026-02-21,29.91,USD,30.02285714285714,0.19119922295120007,-0.0073016926651178204,32.95,30.851999999999997,25.56,35.23,5,2,0.4,32.95,below_market
B08N5WRWNW,2026-02-22,29.84,USD,30.004285714285714,0.20313026549951818,-0.004337671004337684,30.22,28.808,25.95,31.35,5,2,0.4,30.22,at_market
B08N5WRWNW,2026-02-23,29.74,USD,29.988571428571426,0.22056205260112044,-0.00368509212730328,26.87,26.438,24.39,27.34,5,5,1.0,26.87,above_market
B08N5WRWNW,2026-02-24,29.82,USD,29.955714285714286,0.2269256223859236,-0.007653910149750476,33.07,30.958000000000006,24.29,35.88,5,2,0.4,33.07,below_market
B08N5WRWNW,2026-02-25,29.94,USD,29.890000000000004,0.11661903789691275,-0.015131578947368385,33.67,32.982,29.2,34.73,5,1,0.2,33.67,below_market
B08N5WRWNW,2026-02-26,29.92,USD,29.86285714285714,0.06945365018349604,-0.006310195948189934,31.86,29.636000000000003,24.4,33.58,5,2,0.4,31.86,below_market
B08N5WRWNW,2026-02-27,29.7,USD,29.83857142857143,0.09245333443214085,-0.005691329092735287,28.7,27.766000000000002,24.5,29.37,5,5,1.0,28.7,at_market
B08N5WRWNW,2026-02-28,29.66,USD,29.802857142857142,0.10734900802435164,-0.008358408559010377,29.0,28.386000000000003,25.81,30.02,5,3,0.6,29.0,at_market
B08N5WRWNW,2026-03-01,29.65,USD,29.775714285714287,0.11970201096295184,-0.00636729222520116,34.05,32.878,25.7,35.63,5,1,0.2,34.05,below_market
B08N5WRWNW,2026-03-02,29.66,USD,29.764285714285716,0.12726051271011538,-0.0026899798251512896,30.76,29.722,24.7,35.14,5,2,0.4,30.76,at_market
B08N5WRWNW,2026-03-03,29.53,USD,29.722857142857144,0.15107550934487454,-0.009725016767270223,31.94,30.708,25.42,35.23,5,2,0.4,31.94,below_market
B08N5WRWNW,2026-03-04,29.32,USD,29.634285714285713,0.18127852813256493,-0.020708082832331387,29.78,30.984,25.24,35.99,5,1,0.2,29.78,at_market
B08N5WRWNW,2026-03-05,29.3,USD,29.545714285714286,0.16949504838955076,-0.020721925133689867,28.25,28.137999999999998,26.27,29.42,5,4,0.8,28.25,at_market
B08N5WRWNW,2026-03-06,29.22,USD,29.477142857142855,0.19224240650061616,-0.016161616161616155,31.83,30.45,25.12,35.39,5,2,0.4,31.83,below_market
B08N5WRWNW,2026-03-07,29.19,USD,29.41,0.19966638842497306,-0.015846257585974355,27.55,27.636000000000003,24.72,30.44,5,4,0.8,27.55,above_market
B08N5WRWNW,2026-03-08,29.14,USD,29.337142857142858,0.19032553565881755,-0.01720067453625629,30.4,30.274,28.14,33.25,5,2,0.4,30.4,at_market
B08N5WRWNW,2026-03-09,29.31,USD,29.287142857142857,0.12671678206595077,-0.011800404585300073,29.49,30.387999999999998,25.11,35.83,5,2,0.4,29.49,at_market
B08N5WRWNW,2026-03-10,29.6,USD,29.297142857142855,0.14974581638168202,0.002370470707754757,33.04,32.888,31.34,34.42,5,0,0.0,33.04,below_market
B08N5WRWNW,2026-03-11,29.76,USD,29.360000000000003,0.23115651263449194,0.01500682128240105,29.03,29.508,26.25,32.43,5,3,0.6,29.03,at_market
B08N5WRWNW,2026-03-12,29.81,USD,29.43285714285715,0.28353214313456987,0.017406143344709912,31.32,30.927999999999997,27.5,35.65,5,2,0.4,31.32,at_market
B08N5WRWNW,2026-03-13,29.25,USD,29.437142857142856,0.2799829926807736,0.0010266940451746365,32.74,32.13,29.65,35.37,5,0,0.0,32.74,below_market
B08N5WRWNW,2026-03-14,29.11,USD,29.425714285714285,0.29307889397778936,-0.0027406646111682864,28.61,30.082,24.94,35.93,5,3,0.6,28.61,at_market
B08N5WRWNW,2026-03-15,29.14,USD,29.42571428571429,0.29307889397778936,0.0,24.96,27.598000000000003,24.38,35.02,5,4,0.8,24.96,above_market
B08N5WRWNW,2026-03-16,28.96,USD,29.375714285714285,0.34189945612013545,-0.01194131695667,29.97,29.798000000000002,25.65,33.91,5,2,0.4,29.97,at_market
B08N5WRWNW,2026-03-17,29.18,USD,29.315714285714286,0.3327089390071215,-0.01418918918918921,26.04,27.169999999999998,24.82,32.72,5,4,0.8,26.04,above_market
B08N5WRWNW,2026-03-18,29.15,USD,29.228571428571428,0.2711351797799244,-0.02049731182795711,26.81,28.112000000000002,24.28,34.23,5,3,0.6,26.81,above_market
B08N5WRWNW,2026-03-19,29.25,USD,29.148571428571433,0.098898697569578,-0.018785642401878522,29.72,29.74,24.61,34.62,5,2,0.4,29.72,at_market
B08N5WRWNW,2026-03-20,29.32,USD,29.15857142857143,0.1133473380703114,0.0023931623931623403,27.91,28.472,27.0,30.25,5,3,0.6,27.91,above_market
B08N5WRWNW,2026-03-21,29.27,USD,29.181428571428572,0.11795883059055774,0.005496392992099031,26.84,28.644,24.1,34.16,5,3,0.6,26.84,above_market
B08N5WRWNW,2026-03-22,29.41,USD,29.22,0.1435270009440931,0.009265614275909329,28.3,28.286,24.12,33.06,5,3,0.6,28.3,at_market
B08N5WRWNW,2026-03-23,29.32,USD,29.271428571428572,0.08896227129683047,0.012430939226519389,33.03,32.606,30.65,34.7,5,0,0.0,33.03,below_market
B08N5WRWNW,2026-03-24,29.39,USD,29.301428571428573,0.08839844859662714,0.0071967100753942415,32.17,32.489999999999995,28.99,35.68,5,1,0.2,32.17,below_market
B08N5WRWNW,2026-03-25,29.38,USD,29.334285714285716,0.06133436852131924,0.007890222984562545,26.37,29.068,25.15,35.17,5,3,0.6,26.37,above_market
B08N5WRWNW,2026-03-26,29.28,USD,29.33857142857143,0.05520524474742598,0.0010256410256410664,32.61,31.7,27.86,33.93,5,1,0.2,32.61,below_market
B08N5WRWNW,2026-03-27,29.14,USD,29.312857142857144,0.09375753937940454,-0.0061391541609822076,30.46,30.363999999999997,25.92,35.96,5,2,0.4,30.46,at_market
B08N5WRWNW,2026-03-28,29.08,USD,29.285714285714285,0.12908100077823106,-0.006491288008199536,31.88,32.136,31.01,33.47,5,0,0.0,31.88,below_market
B08N5WRWNW,2026-03-29,29.31,USD,29.27142857142857,0.11810003830492244,-0.0034002040122408372,31.1,30.619999999999997,25.08,34.46,5,1,0.2,31.1,below_market
B08N5WRWNW,2026-03-30,29.38,USD,29.28,0.12423096769058119,0.0020463847203273655,30.23,30.932,28.05,34.36,5,2,0.4,30.23,at_market
B08N5WRWNW,2026-03-31,29.55,USD,29.30285714285714,0.15797829869050758,0.005444028581150118,28.05,29.098000000000003,25.26,35.32,5,3,0.6,28.05,above_market
B08N5WRWNW,2026-04-01,29.43,USD,29.31,0.1630950643030136,0.0017018379850237686,31.29,31.056,24.6,35.5,5,2,0.4,31.29,below_market
B08N5WRWNW,2026-04-02,29.4,USD,29.327142857142857,0.16570196998571393,0.004098360655737654,32.19,31.177999999999997,24.4,35.39,5,1,0.2,32.19,below_market
B08N5WRWNW,2026-04-03,29.5,USD,29.37857142857143,0.1533436849507921,0.012354152367879179,29.03,28.168,25.15,31.7,5,3,0.6,29.03,at_market
B08N5WRWNW,2026-04-04,29.81,USD,29.482857142857142,0.16428778466603886,0.025103163686382324,28.41,28.636000000000003,25.95,31.5,5,3,0.6,28.41,at_market
B08N5WRWNW,2026-04-05,29.65,USD,29.531428571428567,0.1546424447371498,0.011600136472193823,31.56,30.224,24.19,32.28,5,1,0.2,31.56,below_market
B08N5WRWNW,2026-04-06,29.7,USD,29.577142857142857,0.1496344752738186,0.010891763104152519,29.23,28.895999999999997,26.99,30.11,5,3,0.6,29.23,at_market
B08N5WRWNW,2026-04-07,31.87,USD,29.90857142857143,0.8776755013752342,0.0785109983079526,30.51,31.022000000000002,27.52,35.39,5,4,0.8,30.51,at_market
B08N5WRWNW,2026-04-08,30.58,USD,30.072857142857142,0.8807896889669253,0.03907577302072718,31.4,30.206,24.36,32.95,5,2,0.4,31.4,at_market
B08N5WRWNW,2026-04-09,30.37,USD,30.21142857142857,0.8322545398179522,0.0329931972789117,33.0,31.54,24.18,35.93,5,1,0.2,33.0,below_market
B08N5WRWNW,2026-04-10,30.42,USD,30.342857142857138,0.7716154976349583,0.031186440677966054,26.33,28.932,24.3,35.1,5,3,0.6,26.33,above_market
B08N5WRWNW,2026-04-11,30.26,USD,30.407142857142855,0.7378282159083116,0.015095605501509679,31.82,30.806,25.48,34.71,5,2,0.4,31.82,at_market
B08N5WRWNW,2026-04-12,30.13,USD,30.475714285714286,0.6753975901362604,0.01618887015177073,32.0,31.764,28.92,35.4,5,2,0.4,32.0,below_market
B08N5WRWNW,2026-04-13,30.17,USD,30.542857142857144,0.6051367417290379,0.015824915824915964,33.26,31.964,28.21,34.63,5,2,0.4,33.26,below_market
B08N5WRWNW,2026-04-14,30.11,USD,30.291428571428572,0.1735346815891771,-0.055224348917477295,34.81,33.346000000000004,26.73,35.5,5,1,0.2,34.81,below_market
B08N5WRWNW,2026-04-15,29.84,USD,30.185714285714287,0.19277423261909757,-0.02419882275997376,29.95,29.601999999999997,24.98,34.64,5,2,0.4,29.95,at_market
B08N5WRWNW,2026-04-16,29.75,USD,30.09714285714286,0.23235850789342322,-0.020414883108330617,32.59,31.46,26.37,34.34,5,1,0.2,32.59,below_market
B08N5WRWNW,2026-04-17,29.82,USD,30.01142857142857,0.20210793910088107,-0.019723865877712132,33.76,33.152,29.03,35.91,5,1,0.2,33.76,below_market
B08N5WRWNW,2026-04-18,29.85,USD,29.95285714285714,0.17575686669506155,-0.01354923992068735,28.72,29.038,26.7,34.08,5,4,0.8,28.72,at_market
B08N5WRWNW,2026-04-19,29.66,USD,29.885714285714283,0.1862665780413415,-0.015599070693660733,29.6,29.748,28.77,31.36,5,4,0.8,29.6,at_market
B08N5WRWNW,2026-04-20,29.88,USD,29.844285714285714,0.1386671245413506,-0.009612197547232415,30.98,30.546,25.83,34.23,5,2,0.4,30.98,at_market
B08N5WRWNW,2026-04-21,29.31,USD,29.73,0.1994993734326027,-0.026569246097641996,34.5,32.878,28.57,35.83,5,1,0.2,34.5,below_market
B08N5WRWNW,2026-04-22,29.15,USD,29.631428571428568,0.2872529994870235,-0.023123324396782885,32.25,31.889999999999997,28.64,34.44,5,1,0.2,32.25,below_market
B08N5WRWNW,2026-04-23,29.09,USD,29.537142857142857,0.3444664611499267,-0.022184873949579798,26.99,29.394,25.67,35.65,5,3,0.6,26.99,above_market
B08N5WRWNW,2026-04-24,29.06,USD,29.428571428571427,0.3598809326906638,-0.025486250838363533,30.14,30.330000000000002,28.25,33.68,5,2,0.4,30.14,at_market
B08N5WRWNW,2026-04-25,28.84,USD,29.284285714285716,0.36518749261431094,-0.03383584589614741,28.0,28.99,24.02,34.7,5,3,0.6,28.0,at_market
B08N5WRWNW,2026-04-26,28.79,USD,29.159999999999997,0.36405127843939994,-0.02933243425488874,30.89,29.875999999999998,25.11,34.12,5,2,0.4,30.89,below_market
B08N5WRWNW,2026-04-27,28.6,USD,28.977142857142855,0.24370161302402593,-0.042838018741633066,26.69,28.552,24.39,34.04,5,3,0.6,26.69,above_market
B08N5WRWNW,2026-04-28,28.88,USD,28.91571428571428,0.19518001458980594,-0.014670760832480423,30.29,30.022000000000002,25.2,35.02,5,2,0.4,30.29,at_market
B08N5WRWNW,2026-04-29,28.74,USD,28.857142857142858,0.1734660663948941,-0.014065180102915908,33.58,30.922000000000004,24.58,35.88,5,2,0.4,33.58,below_market
B08N5WRWNW,2026-04-30,28.69,USD,28.8,0.1479864858696365,-0.013750429700928102,25.61,27.216,25.23,31.64,5,4,0.8,25.61,above_market
B08N5WRWNW,2026-05-01,28.64,USD,28.740000000000002,0.1034408043281126,-0.014452856159669625,32.87,31.25,24.89,35.85,5,2,0.4,32.87,below_market
B08N5WRWNW,2026-05-02,28.71,USD,28.72142857142857,0.09370673604923044,-0.004507628294036059,31.14,30.994,24.73,35.97,5,1,0.2,31.14,below_market
B08N5WRWNW,2026-05-03,28.75,USD,28.715714285714284,0.0899735410845108,-0.0013893713094824678,25.98,28.351999999999997,24.47,34.47,5,3,0.6,25.98,above_market
B08N5WRWNW,2026-05-04,28.81,USD,28.745714285714286,0.07934253648128795,0.007342657342657155,32.14,30.95,24.64,35.46,5,2,0.4,32.14,below_market
B08N5WRWNW,2026-05-05,28.86,USD,28.74285714285714,0.07387247699373234,-0.0006925207756232066,29.54,30.465999999999998,26.65,33.91,5,1,0.2,29.54,at_market
B08N5WRWNW,2026-05-06,29.05,USD,28.787142857142857,0.1374426287238439,0.010786360473208134,29.19,28.669999999999998,24.54,33.43,5,2,0.4,29.19,at_market
B08N5WRWNW,2026-05-07,29.17,USD,28.85571428571429,0.19042558851673594,0.016730568142209856,28.55,29.568,27.84,33.77,5,3,0.6,28.55,at_market
B08N5WRWNW,2026-05-08,29.22,USD,28.93857142857143,0.20643227876066636,0.02025139664804465,28.96,28.354000000000003,25.24,30.29,5,3,0.6,28.96,at_market
B08N5WRWNW,2026-05-09,27.87,USD,28.81857142857143,0.4554275855877945,-0.02925809822361547,26.99,27.318,24.24,31.45,5,3,0.6,26.99,at_market
B08N5WRWNW,2026-05-10,27.84,USD,28.688571428571432,0.5886546404423689,-0.031652173913043535,25.93,26.714,24.0,30.59,5,3,0.6,25.93,above_market
B08N5WRWNW,2026-05-11,27.84,USD,28.550000000000004,0.6645800679126049,-0.03366886497743837,31.31,29.945999999999998,25.51,35.76,5,2,0.4,31.31,below_market
B08N5WRWNW,2026-05-12,27.92,USD,28.415714285714284,0.6861209111825463,-0.03257103257103244,29.03,30.904000000000003,25.78,35.95,5,1,0.2,29.03,at_market
B09XYZ1234,2026-02-12,90.31,USD,90.31,,,92.43,90.914,77.36,97.35,5,1,0.2,95.2,at_market
B09XYZ1234,2026-02-13,89.76,USD,90.035,0.3889087296525941,,96.26,90.358,72.26,107.97,5,2,0.4,99.15,below_market
B09XYZ1234,2026-02-14,89.3,USD,89.79,0.5056678751908166,,93.38,93.188,79.47,103.74,5,1,0.2,96.18,at_market
B09XYZ1234,2026-02-15,88.63,USD,89.5,0.7119456908126239,,80.0,87.856,72.39,107.51,5,3,0.6,82.4,above_market
B09XYZ1234,2026-02-16,88.41,USD,89.282,0.7859834603857762,,99.95,92.63199999999999,77.32,104.87,5,2,0.4,102.95,below_market
B09XYZ1234,2026-02-17,88.65,USD,89.17666666666666,0.7488569066695343,,100.69,96.28200000000001,75.62,106.9,5,1,0.2,103.71,below_market
B09XYZ1234,2026-02-18,83.4,USD,88.35142857142857,2.2878915225699843,,88.88,88.998,76.61,105.49,5,2,0.4,88.88,below_market
B09XYZ1234,2026-02-19,83.93,USD,87.44000000000001,2.623763200697296,-0.07064555420219243,93.81,89.792,75.57,103.49,5,2,0.4,96.62,below_market
B09XYZ1234,2026-02-20,84.35,USD,86.66714285714285,2.623272220501933,-0.060271836007130264,93.96,94.176,83.13,101.58,5,1,0.2,96.78,below_market
B09XYZ1234,2026-02-21,83.95,USD,85.90285714285714,2.505039682225377,-0.059910414333706585,93.38,90.076,75.52,101.84,5,2,0.4,96.18,below_market
B09XYZ1234,2026-02-22,84.87,USD,85.36571428571429,2.208361814730983,-0.04242355861446456,99.02,96.42,82.54,104.0,5,1,0.2,101.99,below_market
B09XYZ1234,2026-02-23,85.25,USD,84.91428571428573,1.7597524176510158,-0.03574256305847756,89.06,89.38,80.44,98.71,5,1,0.2,91.73,at_market
B09XYZ1234,2026-02-24,85.54,USD,84.47,0.7783101352717172,-0.035081782289904107,81.13,84.348,74.31,100.43,5,3,0.6,83.56,above_market
B09XYZ1234,2026-02-25,79.92,USD,83.97285714285715,1.8913021465444948,-0.04172661870503602,94.87,94.68199999999999,85.66,105.26,5,0,0.0,94.87,below_market
B09XYZ1234,2026-02-26,80.7,USD,83.51142857142857,2.2613228324104777,-0.0384844513284881,95.33,91.168,75.5,103.9,5,1,0.2,98.19,below_market
B09XYZ1234,2026-02-27,80.7,USD,82.99000000000001,2.4487820101702256,-0.043272080616478914,87.9,89.536,80.79,103.77,5,0,0.0,90.54,below_market
B09XYZ1234,2026-02-28,80.73,USD,82.53,2.5391599660780217,-0.0383561643835616,98.04,93.36,72.58,106.69,5,1,0.2,100.98,below_market
B09XYZ1234,2026-03-01,81.54,USD,82.05428571428571,2.3311074417027458,-0.03923647932131491,81.61,86.7,76.09,100.1,5,2,0.4,84.06,at_market
B09XYZ1234,2026-03-02,81.56,USD,81.52714285714286,1.8570111674921355,-0.0432844574780058,104.97,104.56800000000001,102.6,106.71,5,0,0.0,108.12,below_market
B09XYZ1234,2026-03-03,81.22,USD,80.91,0.5796838218661595,-0.05050268880056119,99.38,93.87,78.11,106.53,5,2,0.4,102.36,below_market
B09XYZ1234,2026-03-04,81.8,USD,81.17857142857143,0.46962497702704037,0.023523523523523382,95.62,92.6,81.18,105.75,5,1,0.2,98.49,below_market
B09XYZ1234,2026-03-05,81.82,USD,81.33857142857143,0.4701924631265194,0.013878562577447129,83.92,83.172,77.83,88.34,5,2,0.4,86.44,at_market
B09XYZ1234,2026-03-06,81.99,USD,81.52285714285713,0.42921301182960714,0.015985130111524137,87.35,89.364,73.54,105.97,5,2,0.4,89.97,below_market
B09XYZ1234,2026-03-07,81.43,USD,81.62285714285714,0.26310417998170466,0.00867087823609558,82.91,85.76,74.28,107.84,5,2,0.4,82.91,at_market
B09XYZ1234,2026-03-08,81.17,USD,81.57000000000001,0.31464265445110073,-0.004537650233014556,78.61,81.07000000000001,72.02,93.54,5,3,0.6,80.97,at_market
B09XYZ1234,2026-03-09,81.31,USD,81.53428571428572,0.32979069841634184,-0.0030652280529671616,97.73,94.428,77.12,107.35,5,1,0.2,100.66,below_market
B09XYZ1234,2026-03-10,80.79,USD,81.47285714285715,0.4245277488266679,-0.0052942624969218866,97.58,100.488,93.74,107.51,5,0,0.0,100.51,below_market
B09XYZ1234,2026-03-11,80.94,USD,81.35000000000001,0.43829214001624944,-0.010513447432762835,89.68,89.03,78.25,105.72,5,1,0.2,92.37,below_market
B09XYZ1234,2026-03-12,80.95,USD,81.22571428571429,0.404880934879121,-0.010633097042287876,82.37,84.688,72.96,97.19,5,2,0.4,84.84,at_market
B09XYZ1234,2026-03-13,79.75,USD,80.9057142857143,0.5568320256252528,-0.027320404927430153,104.99,102.1,95.37,105.53,5,0,0.0,108.14,below_market
B09XYZ1234,2026-03-14,79.58,USD,80.64142857142858,0.6896962754582379,-0.022718899668426995,93.24,90.19800000000001,75.42,100.45,5,1,0.2,96.04,below_market
B09XYZ1234,2026-03-15,80.22,USD,80.50571428571429,0.6612326152184133,-0.011703831464826897,97.03,92.67,81.86,101.22,5,0,0.0,99.94,below_market
B09XYZ1234,2026-03-16,80.24,USD,80.35285714285715,0.5602890410527556,-0.013159512975033927,87.81,83.896,75.59,90.65,5,2,0.4,90.44,below_market
B09XYZ1234,2026-03-17,80.4,USD,80.29714285714286,0.5280376970669938,-0.004827330115113271,92.26,93.61,82.79,105.08,5,0,0.0,95.03,below_market
B09XYZ1234,2026-03-18,80.84,USD,80.28285714285714,0.5087472943651058,-0.0012354830738817713,89.59,91.838,81.74,106.96,5,0,0.0,92.28,below_market
B09XYZ1234,2026-03-19,80.85,USD,80.26857142857143,0.4878670779159919,-0.0012353304508957441,74.85,81.838,73.54,97.05,5,3,0.6,77.1,above_market
B09XYZ1234,2026-03-20,81.04,USD,80.45285714285714,0.5027495826523877,0.01617554858934178,95.09,93.924,77.04,106.54,5,1,0.2,97.94,below_market
B09XYZ1234,2026-03-21,80.39,USD,80.56857142857143,0.33288779748481784,0.010178436793164103,75.78,80.438,73.2,95.92,5,3,0.6,78.05,above_market
B09XYZ1234,2026-03-22,80.77,USD,80.64714285714285,0.30020627828847385,0.006856145599601016,89.69,90.546,84.69,97.93,5,0,0.0,92.38,below_market
B09XYZ1234,2026-03-23,80.48,USD,80.68142857142857,0.2564779764053018,0.0029910269192423566,83.48,90.304,72.95,107.97,5,1,0.2,85.98,at_market
B09XYZ1234,2026-03-24,79.63,USD,80.57142857142857,0.47192614434283336,-0.0095771144278608,94.19,94.34400000000001,74.57,105.72,5,1,0.2,97.02,below_market
B09XYZ1234,2026-03-25,79.58,USD,80.39142857142858,0.5802708727088535,-0.01558634339435927,87.62,88.312,72.44,100.84,5,1,0.2,90.25,below_market
B09XYZ1234,2026-03-26,79.08,USD,80.13857142857144,0.7167386453333611,-0.02189239332096471,80.73,84.312,72.94,105.98,5,1,0.2,83.15,at_market
B09XYZ1234,2026-03-27,79.64,USD,79.93857142857144,0.6107762430281953,-0.01727541954590328,84.24,85.988,75.72,101.57,5,2,0.4,84.24,below_market
B09XYZ1234,2026-03-28,79.27,USD,79.77857142857144,0.6194467577720525,-0.01393208110461508,76.17,78.53999999999999,73.18,86.13,5,3,0.6,78.46,at_market
B09XYZ1234,2026-03-29,79.13,USD,79.5442857142857,0.47535450430382375,-0.020304568527918843,93.05,90.08,83.44,96.0,5,0,0.0,95.84,below_market
B09XYZ1234,2026-03-30,79.34,USD,79.38142857142857,0.2367437835459432,-0.014165009940357853,87.87,89.188,73.3,104.13,5,2,0.4,90.51,below_market
B09XYZ1234,2026-03-31,79.28,USD,79.33142857142856,0.21106306888617204,-0.004395328393821396,103.17,97.81,82.31,106.34,5,0,0.0,106.27,below_market
B09XYZ1234,2026-04-01,79.17,USD,79.27285714285713,0.1859851504569837,-0.005152048253329933,81.66,87.168,73.01,107.06,5,2,0.4,84.11,at_market
B09XYZ1234,2026-04-02,78.84,USD,79.23857142857142,0.24134543510837214,-0.0030349013657055,95.32,93.46000000000001,74.47,104.65,5,1,0.2,98.18,below_market
B09XYZ1234,2026-04-03,79.28,USD,79.18714285714286,0.169087185175302,-0.0045203415369161615,76.81,82.49600000000001,73.95,95.71,5,3,0.6,79.11,at_market
B09XYZ1234,2026-04-04,79.89,USD,79.2757142857143,0.3172200678213823,0.007821370001261485,95.71,94.416,84.31,102.98,5,0,0.0,98.58,below_market
B09XYZ1234,2026-04-05,79.95,USD,79.39285714285714,0.39605194464511206,0.010362694300518172,92.24,94.84400000000001,80.92,107.43,5,0,0.0,95.01,below_market
B09XYZ1234,2026-04-06,79.87,USD,79.46857142857142,0.4331831241491906,0.006680110915049164,81.5,82.452,73.45,93.45,5,2,0.4,83.94,at_market
B09XYZ1234,2026-04-07,79.87,USD,79.55285714285715,0.44753823991979796,0.007441977800201949,92.12,87.176,72.03,101.57,5,2,0.4,94.88,below_market
B09XYZ1234,2026-04-08,80.01,USD,79.67285714285715,0.4403299628579792,0.010610079575596787,88.23,88.748,72.23,100.5,5,1,0.2,90.88,below_market
B09XYZ1234,2026-04-09,80.44,USD,79.90142857142857,0.33972678097894066,0.020294266869609334,88.09,92.256,86.73,106.79,5,0,0.0,88.09,below_market
B09XYZ1234,2026-04-10,80.66,USD,80.09857142857143,0.31876995735845165,0.017406659939455116,92.3,94.404,87.91,102.17,5,0,0.0,95.07,below_market
B09XYZ1234,2026-04-11,80.81,USD,80.23,0.3982043026722452,0.011515834272124215,93.17,90.386,72.08,102.8,5,1,0.2,95.97,below_market
B09XYZ1234,2026-04-12,80.03,USD,80.24142857142859,0.38989009440393335,0.001000625390869203,92.53,89.878,72.02,102.74,5,1,0.2,95.31,below_market
B09XYZ1234,2026-04-13,79.71,USD,80.21857142857142,0.4189044668906931,-0.0020032552898461287,106.51,100.09200000000001,82.0,107.55,5,0,0.0,109.71,below_market
B09XYZ1234,2026-04-14,79.71,USD,80.19571428571429,0.4446668094524209,-0.0020032552898461287,90.74,91.034,75.94,103.25,5,1,0.2,93.46,below_market
B09XYZ1234,2026-04-15,79.26,USD,80.08857142857143,0.5696615536564743,-0.009373828271466045,77.91,80.54400000000001,72.59,89.43,5,3,0.6,80.25,at_market
B09XYZ1234,2026-04-16,79.14,USD,79.90285714285713,0.6431618325562903,-0.016161113873694677,91.58,92.494,80.1,103.99,5,0,0.0,94.33,below_market
B09XYZ1234,2026-04-17,79.02,USD,79.66857142857144,0.6196619662210824,-0.020332258864368957,91.9,94.53999999999999,84.38,103.08,5,0,0.0,94.66,below_market
B09XYZ1234,2026-04-18,78.57,USD,79.34857142857142,0.49851207178393087,-0.0277193416656355,90.51,92.282,78.63,104.55,5,0,0.0,90.51,below_market
B09XYZ1234,2026-04-19,77.93,USD,79.04857142857144,0.6336515491295642,-0.02624015994002238,83.04,86.11600000000001,77.05,99.42,5,1,0.2,85.53,below_market
B09XYZ1234,2026-04-20,78.03,USD,78.80857142857143,0.659025254231047,-0.02107640195709437,98.0,91.83200000000001,74.65,100.5,5,1,0.2,100.94,below_market
B09XYZ1234,2026-04-21,77.4,USD,78.47857142857143,0.7088824202322236,-0.028980052691004787,83.8,88.674,75.12,101.0,5,1,0.2,83.8,below_market
B09XYZ1234,2026-04-22,77.79,USD,78.26857142857143,0.6544572451385121,-0.018546555639666895,82.32,83.34,76.67,90.03,5,1,0.2,84.79,below_market
B09XYZ1234,2026-04-23,77.74,USD,78.06857142857143,0.5492245615844392,-0.017690169320192184,94.13,91.536,80.12,104.04,5,0,0.0,96.95,below_market
B09XYZ1234,2026-04-24,77.8,USD,77.89428571428572,0.35687799702685674,-0.01543912933434577,94.37,94.668,81.98,106.7,5,0,0.0,94.37,below_market
B09XYZ1234,2026-04-25,77.62,USD,77.75857142857144,0.20570436484012547,-0.012091128929616723,86.95,88.374,75.82,106.73,5,1,0.2,89.56,below_market
B09XYZ1234,2026-04-26,77.92,USD,77.75714285714287,0.20434564555462378,-0.0001283202874374778,81.95,85.19200000000001,73.08,101.36,5,1,0.2,84.41,at_market
B09XYZ1234,2026-04-27,77.36,USD,77.66142857142857,0.21200853531782712,-0.008586441112392706,82.69,85.518,79.3,102.92,5,0,0.0,85.17,below_market
B09XYZ1234,2026-04-28,76.89,USD,77.58857142857143,0.3557353216193299,-0.006589147286821806,96.45,91.774,74.05,104.69,5,1,0.2,99.34,below_market
B09XYZ1234,2026-04-29,76.74,USD,77.43857142857142,0.4621121282195504,-0.013497878904743632,84.95,87.75,82.66,93.98,5,0,0.0,87.5,below_market
B09XYZ1234,2026-04-30,76.92,USD,77.32142857142857,0.47666999665834175,-0.010547980447645933,87.32,85.49,73.91,98.55,5,1,0.2,89.94,below_market
B09XYZ1234,2026-05-01,75.94,USD,77.05571428571429,0.6517120310601462,-0.023907455012853518,85.72,83.90799999999999,73.39,93.6,5,2,0.4,88.29,below_market
B09XYZ1234,2026-05-02,76.48,USD,76.89285714285714,0.6292512557453537,-0.014686936356609115,92.66,92.264,80.78,103.79,5,0,0.0,95.44,below_market
B09XYZ1234,2026-05-03,76.24,USD,76.65285714285714,0.4732411043612927,-0.021560574948665368,99.29,101.558,98.42,107.71,5,0,0.0,99.29,below_market
B09XYZ1234,2026-05-04,76.6,USD,76.5442857142857,0.356831292669969,-0.009824198552223384,90.53,92.95,87.52,102.63,5,0,0.0,90.53,below_market
B09XYZ1234,2026-05-05,76.92,USD,76.54857142857144,0.36182079226356756,0.0003901677721420693,99.24,99.01,92.64,105.69,5,0,0.0,102.22,below_market
B09XYZ1234,2026-05-06,76.68,USD,76.53999999999999,0.3572114219897654,-0.0007818608287722961,87.87,87.89,78.79,102.82,5,0,0.0,90.51,below_market
B09XYZ1234,2026-05-07,76.12,USD,76.42571428571429,0.3430673958498275,-0.010400416016640657,88.22,86.384,75.05,99.04,5,1,0.2,90.87,below_market
B09XYZ1234,2026-05-08,75.5,USD,76.36285714285714,0.465392819229538,-0.005794047932578317,80.94,85.072,75.17,107.56,5,1,0.2,83.37,below_market
B09XYZ1234,2026-05-09,75.55,USD,76.23,0.5512107884768473,-0.012160041841004277,101.43,101.00399999999999,94.69,106.59,5,0,0.0,104.47,below_market
B09XYZ1234,2026-05-10,75.34,USD,76.10142857142857,0.6454050038910043,-0.011804826862539253,102.09,93.892,75.05,106.61,5,1,0.2,105.15,below_market
B09XYZ1234,2026-05-11,74.86,USD,75.85285714285715,0.7482582951029665,-0.022715404699738873,79.97,82.224,72.83,97.12,5,1,0.2,82.37,below_market
B09XYZ1234,2026-05-12,74.77,USD,75.5457142857143,0.6748791778991385,-0.027951118044721834,79.43,79.09400000000001,72.55,83.24,5,1,0.2,81.81,below_market
B0FY52GZFG,2026-02-12,50.07,USD,50.07,,,48.45,49.278000000000006,43.07,58.65,5,3,0.6,49.9,at_market
B0FY52GZFG,2026-02-13,49.58,USD,49.825,0.3464823227814122,,53.26,50.668,42.23,57.69,5,2,0.4,53.26,below_market
B0FY52GZFG,2026-02-14,49.57,USD,49.74,0.28583211855913215,,54.55,53.315999999999995,41.9,59.98,5,1,0.2,56.19,below_market
B0FY52GZFG,2026-02-15,49.59,USD,49.7025,0.2451360166655803,,55.74,53.854,47.06,56.63,5,1,0.2,55.74,below_market
B0FY52GZFG,2026-02-16,49.68,USD,49.698,0.2125323504786995,,43.06,48.652,41.91,57.85,5,3,0.6,44.35,above_market
B0FY52GZFG,2026-02-17,49.64,USD,49.68833333333333,0.1915637404799438,,53.03,49.8,40.69,56.45,5,2,0.4,53.03,below_market
B0FY52GZFG,2026-02-18,49.53,USD,49.66571428571429,0.18482939366319748,,47.88,48.93,41.85,55.04,5,3,0.6,47.88,at_market
B0FY52GZFG,2026-02-19,49.63,USD,49.60285714285715,0.0502375310282089,-0.008787697223886504,43.52,45.356,41.71,55.02,5,4,0.8,44.83,above_market
B0FY52GZFG,2026-02-20,49.5,USD,49.59142857142858,0.06362090102804104,-0.0016135538523598392,53.06,53.372,47.85,59.5,5,2,0.4,54.65,below_market
B0FY52GZFG,2026-02-21,49.48,USD,49.57857142857143,0.07646972634722775,-0.0018156142828323896,54.2,53.553999999999995,51.01,56.56,5,0,0.0,55.83,below_market
B0FY52GZFG,2026-02-22,49.66,USD,49.58857142857143,0.08254868693253982,0.001411574914297109,51.21,51.788,47.7,56.52,5,2,0.4,51.21,at_market
B0FY52GZFG,2026-02-23,49.5,USD,49.56285714285714,0.07718252948137615,-0.0036231884057971175,44.24,47.272000000000006,40.01,57.88,5,3,0.6,44.24,above_market
B0FY52GZFG,2026-02-24,49.71,USD,49.57285714285714,0.09196272536818183,0.0014101531023369418,44.29,46.932,41.18,53.58,5,3,0.6,45.62,above_market
B0FY52GZFG,2026-02-25,49.79,USD,49.61,0.12000000000000358,0.005249343832020914,46.4,46.918,41.1,57.19,5,4,0.8,46.4,above_market
B0FY52GZFG,2026-02-26,49.67,USD,49.61571428571428,0.12204604907672721,0.0008059641345958823,42.3,47.477999999999994,41.99,58.58,5,3,0.6,42.3,above_market
B0FY52GZFG,2026-02-27,49.45,USD,49.60857142857143,0.13107613200332477,-0.0010101010101009056,48.02,50.85,40.88,59.92,5,3,0.6,48.02,at_market
B0FY52GZFG,2026-02-28,49.49,USD,49.61000000000001,0.1294861639970349,0.00020210185933722258,49.86,51.3,47.61,59.41,5,2,0.4,51.36,at_market
B0FY52GZFG,2026-03-01,49.41,USD,49.574285714285715,0.14672617840239705,-0.00503423278292392,48.62,49.674,47.16,52.65,5,3,0.6,48.62,at_market
B0FY52GZFG,2026-03-02,49.09,USD,49.51571428571429,0.23599838578947607,-0.008282828282828225,51.08,50.245999999999995,46.41,53.16,5,1,0.2,52.61,at_market
B0FY52GZFG,2026-03-03,49.12,USD,49.431428571428576,0.25925718064170616,-0.011868839267753062,47.77,48.706,44.28,55.1,5,3,0.6,47.77,at_market
B0FY52GZFG,2026-03-04,49.28,USD,49.35857142857143,0.20836095055044693,-0.010243020686884874,51.57,51.372,40.08,58.9,5,2,0.4,53.12,at_market
B0FY52GZFG,2026-03-05,49.19,USD,49.29,0.1627882059609936,-0.009663780954298429,49.92,50.416000000000004,40.1,57.03,5,1,0.2,49.92,at_market
B0FY52GZFG,2026-03-06,49.07,USD,49.23571428571428,0.1638960181392524,-0.007684529828109299,50.72,51.726,43.2,59.3,5,1,0.2,50.72,at_market
B0FY52GZFG,2026-03-07,49.24,USD,49.199999999999996,0.12083045973593028,-0.0050515255607193055,49.63,49.322,42.01,56.21,5,2,0.4,49.63,at_market
B0FY52GZFG,2026-03-08,48.81,USD,49.114285714285714,0.1550115203091857,-0.012143290831815312,46.07,49.346000000000004,42.36,56.74,5,3,0.6,46.07,above_market
B0FY52GZFG,2026-03-09,48.91,USD,49.08857142857143,0.17353468158923954,-0.0036667345691587805,47.53,47.46,40.79,53.36,5,3,0.6,48.96,at_market
B0FY52GZFG,2026-03-10,48.83,USD,49.04714285714285,0.19771311587870868,-0.005903908794788304,48.09,50.398,41.93,58.93,5,3,0.6,48.09,at_market
B0FY52GZFG,2026-03-11,48.59,USD,48.94857142857143,0.23140358477691278,-0.014001623376623362,48.61,49.686,40.71,59.86,5,2,0.4,48.61,at_market
B0FY52GZFG,2026-03-12,48.7,USD,48.87857142857143,0.22003246513701127,-0.00996137426306154,42.34,47.974000000000004,40.89,58.71,5,3,0.6,42.34,above_market
B0FY52GZFG,2026-03-13,48.72,USD,48.82857142857143,0.20876051442007665,-0.007132667617689048,47.94,48.727999999999994,41.25,59.36,5,3,0.6,47.94,at_market
B0FY52GZFG,2026-03-14,49.12,USD,48.81142857142857,0.1708243319346923,-0.002437043054427379,56.83,57.188,54.15,59.51,5,0,0.0,56.83,below_market
B0FY52GZFG,2026-03-15,49.17,USD,48.862857142857145,0.21799956312752716,0.007375537799631182,49.65,52.0,47.72,59.42,5,2,0.4,51.14,at_market
B0FY52GZFG,2026-03-16,49.54,USD,48.952857142857134,0.33782215665020315,0.012880801472091585,48.91,48.715999999999994,40.7,58.6,5,3,0.6,48.91,at_market
B0FY52GZFG,2026-03-17,49.44,USD,49.04,0.37722672227718207,0.012492320294900772,43.06,45.908,40.97,59.53,5,4,0.8,43.06,above_market
B0FY52GZFG,2026-03-18,49.07,USD,49.10857142857143,0.32126980205782485,0.009878575838649928,56.0,53.724000000000004,44.03,58.97,5,1,0.2,57.68,below_market
B0FY52GZFG,2026-03-19,49.57,USD,49.23285714285714,0.3047247001100105,0.017864476386036943,47.56,48.763999999999996,43.65,55.4,5,3,0.6,47.56,at_market
B0FY52GZFG,2026-03-20,49.04,USD,49.278571428571425,0.2297410550618822,0.006568144499178974,43.75,47.583999999999996,42.14,58.72,5,3,0.6,43.75,above_market
B0FY52GZFG,2026-03-21,51.49,USD,49.61714285714286,0.85435578626461,0.04824918566775249,48.43,47.141999999999996,41.33,51.85,5,4,0.8,48.43,above_market
B0FY52GZFG,2026-03-22,51.24,USD,49.91285714285714,1.0166237305531658,0.042098840756558786,52.95,51.14,41.2,56.43,5,2,0.4,52.95,at_market
B0FY52GZFG,2026-03-23,51.31,USD,50.16571428571429,1.1229849678848236,0.03572870407751316,53.24,52.354,47.41,59.2,5,2,0.4,53.24,at_market
B0FY52GZFG,2026-03-24,51.18,USD,50.41428571428572,1.1281379517130377,0.035194174757281704,52.53,49.784000000000006,42.61,54.93,5,2,0.4,52.53,at_market
B0FY52GZFG,2026-03-25,51.71,USD,50.791428571428575,1.0418161797462244,0.0538006928877115,50.58,50.636,43.94,57.64,5,3,0.6,52.1,at_market
B0FY52GZFG,2026-03-26,51.95,USD,51.131428571428565,0.9620711784379751,0.04801291103490013,46.16,47.848,42.54,54.09,5,4,0.8,46.16,above_market
B0FY52GZFG,2026-03-27,51.78,USD,51.52285714285715,0.29651949265420957,0.055872756933115886,47.21,48.18,43.52,56.4,5,4,0.8,48.63,above_market
B0FY52GZFG,2026-03-28,51.46,USD,51.51857142857143,0.29728934118305095,-0.0005826374053214955,46.05,46.052,42.61,48.77,5,5,1.0,46.05,above_market
B0FY52GZFG,2026-03-29,51.43,USD,51.54571428571428,0.2754909038341192,0.0037080405932865546,57.78,57.098,52.26,59.96,5,0,0.0,59.51,below_market
B0FY52GZFG,2026-03-30,51.33,USD,51.548571428571435,0.27272871572508606,0.00038978756577656704,51.03,51.424,48.14,56.72,5,3,0.6,51.03,at_market
B0FY52GZFG,2026-03-31,51.38,USD,51.57714285714286,0.2356349072695155,0.003907776475185587,48.02,50.978,45.35,57.79,5,3,0.6,48.02,above_market
B0FY52GZFG,2026-04-01,51.81,USD,51.59142857142858,0.2477517959189339,0.0019338619222588616,43.89,47.089999999999996,41.15,58.97,5,4,0.8,43.89,above_market
B0FY52GZFG,2026-04-02,51.53,USD,51.53142857142858,0.1907379154259925,-0.008084696823869142,53.54,51.23,42.79,58.25,5,2,0.4,55.15,at_market
B0FY52GZFG,2026-04-03,51.53,USD,51.49571428571429,0.15682869028126453,-0.004828118964851247,48.64,50.436,45.05,55.5,5,3,0.6,48.64,above_market
B0FY52GZFG,2026-04-04,51.55,USD,51.50857142857143,0.15710172621919744,0.001748931208705784,44.15,46.648,40.76,56.19,5,4,0.8,44.15,above_market
B0FY52GZFG,2026-04-05,51.34,USD,51.49571428571429,0.16791437727406344,-0.0017499513902390351,52.83,52.324,48.19,57.22,5,2,0.4,52.83,at_market
B0FY52GZFG,2026-04-06,51.57,USD,51.529999999999994,0.15220600075807314,0.004675628287551081,49.35,48.994,41.95,55.08,5,3,0.6,49.35,at_market
B0FY52GZFG,2026-04-07,51.69,USD,51.574285714285715,0.14627111162269893,0.006033476060723908,45.31,46.92,42.69,56.04,5,4,0.8,45.31,above_market
B0FY52GZFG,2026-04-08,51.83,USD,51.57714285714285,0.15173598625214504,0.00038602586373270853,44.21,47.31,40.69,55.65,5,3,0.6,44.21,above_market
B0FY52GZFG,2026-04-09,51.77,USD,51.611428571428576,0.1657737988376197,0.004657481078983228,52.37,50.714,42.56,57.34,5,2,0.4,52.37,at_market
B0FY52GZFG,2026-04-10,51.79,USD,51.64857142857142,0.17343861271659552,0.005045604502231571,54.88,52.510000000000005,45.75,56.4,5,2,0.4,56.53,below_market
B0FY52GZFG,2026-04-11,51.58,USD,51.65285714285715,0.17094972806037012,0.0005819592628515391,54.72,52.303999999999995,44.93,58.25,5,2,0.4,54.72,below_market
B0FY52GZFG,2026-04-12,51.66,USD,51.69857142857143,0.10237652260679642,0.0062329567588623735,54.43,54.446000000000005,47.03,59.67,5,1,0.2,54.43,below_market
B0FY52GZFG,2026-04-13,51.12,USD,51.63428571428572,0.24227100135043445,-0.008726003490401424,55.74,53.262,45.67,59.59,5,2,0.4,55.74,below_market
B0FY52GZFG,2026-04-14,51.67,USD,51.63142857142857,0.24162150645390895,-0.0003869220352098468,51.26,49.388,40.48,56.58,5,3,0.6,52.8,at_market
B0FY52GZFG,2026-04-15,51.23,USD,51.54571428571428,0.2647550530119077,-0.011576307158016608,47.92,49.588,41.01,58.89,5,3,0.6,47.92,above_market
B0FY52GZFG,2026-04-16,50.96,USD,51.43,0.3213513134666791,-0.015646127100637508,44.91,48.958,40.54,59.16,5,3,0.6,44.91,above_market
B0FY52GZFG,2026-04-17,50.87,USD,51.298571428571435,0.3373143228222597,-0.01776404711334234,52.8,51.95399999999999,44.02,57.75,5,2,0.4,52.8,at_market
B0FY52GZFG,2026-04-18,50.81,USD,51.18857142857142,0.35531340960861707,-0.014928266770065868,44.23,46.89,41.79,58.43,5,4,0.8,45.56,above_market
B0FY52GZFG,2026-04-19,50.77,USD,51.06142857142857,0.31551167814788594,-0.01722802942315127,55.48,54.76800000000001,51.59,57.63,5,0,0.0,55.48,below_market
B0FY52GZFG,2026-04-20,50.83,USD,51.019999999999996,0.3254228019055734,-0.0056729264475743335,45.21,47.384,43.06,55.92,5,4,0.8,45.21,above_market
B0FY52GZFG,2026-04-21,50.87,USD,50.90571428571428,0.15490396410455273,-0.015482872072769549,46.14,48.214,41.55,55.29,5,3,0.6,46.14,above_market
B0FY52GZFG,2026-04-22,48.14,USD,50.464285714285715,1.0266427022558893,-0.06031622096427869,52.43,50.727999999999994,42.69,53.86,5,1,0.2,54.0,below_market
B0FY52GZFG,2026-04-23,48.54,USD,50.11857142857143,1.22096175986295,-0.04748822605965464,44.73,46.912,41.73,54.85,5,3,0.6,44.73,above_market
B0FY52GZFG,2026-04-24,48.6,USD,49.79428571428572,1.2877481268071131,-0.044623550226066344,52.03,52.67,49.83,58.55,5,0,0.0,52.03,below_market
B0FY52GZFG,2026-04-25,48.72,USD,49.49571428571428,1.2548686138776473,-0.04113363511119861,49.36,50.212,43.61,59.23,5,1,0.2,50.84,at_market
B0FY52GZFG,2026-04-26,48.44,USD,49.16285714285714,1.1664292275389407,-0.0458932440417571,51.39,49.714,40.63,58.81,5,2,0.4,52.93,below_market
B0FY52GZFG,2026-04-27,48.37,USD,48.81142857142857,0.9262906054334182,-0.04839661617155222,55.11,52.596000000000004,44.6,58.1,5,1,0.2,55.11,below_market
B0FY52GZFG,2026-04-28,48.74,USD,48.50714285714286,0.21108562920540608,-0.041871436996264944,51.64,53.414,45.25,59.86,5,1,0.2,51.64,below_market
B0FY52GZFG,2026-04-29,48.81,USD,48.60285714285715,0.1633722014003095,0.013917739925218164,56.65,54.176,46.05,59.7,5,2,0.4,56.65,below_market
B0FY52GZFG,2026-04-30,49.24,USD,48.70285714285715,0.28639799147990624,0.014421096003296219,51.21,51.431999999999995,48.16,54.97,5,1,0.2,52.75,at_market
B0FY52GZFG,2026-05-01,49.23,USD,48.792857142857144,0.3422335599027816,0.012962962962962843,48.92,48.028,40.42,55.18,5,3,0.6,50.39,at_market
B0FY52GZFG,2026-05-02,49.37,USD,48.885714285714286,0.40211346420527294,0.013341543513957221,43.1,46.64,40.43,56.96,5,3,0.6,44.39,above_market
B0FY52GZFG,2026-05-03,49.81,USD,49.08142857142857,0.47568997506873495,0.028282411230388105,50.98,50.134,40.21,58.07,5,2,0.4,50.98,at_market
B0FY52GZFG,2026-05-04,49.83,USD,49.29,0.42961222825546247,0.03018399834608232,49.53,50.326,46.0,59.05,5,3,0.6,51.02,at_market
B0FY52GZFG,2026-05-05,50.02,USD,49.472857142857144,0.4289022532665408,0.026261797291752265,52.87,53.112,48.77,56.2,5,1,0.2,54.46,below_market
B0FY52GZFG,2026-05-06,50.21,USD,49.67285714285714,0.39322234107919024,0.02868264699856593,44.46,45.236000000000004,40.84,49.09,5,5,1.0,44.46,above_market
B0FY52GZFG,2026-05-07,50.19,USD,49.808571428571426,0.3827283009929524,0.019293257514215956,58.49,54.477999999999994,40.23,59.39,5,1,0.2,58.49,below_market
B0FY52GZFG,2026-05-08,50.35,USD,49.96857142857143,0.3311811473815539,0.022750355474304484,51.43,49.476,43.06,52.28,5,2,0.4,51.43,at_market
B0FY52GZFG,2026-05-09,50.05,USD,50.06571428571429,0.2001547020729734,0.013773546688272242,50.19,51.565999999999995,46.24,59.38,5,2,0.4,50.19,at_market
B0FY52GZFG,2026-05-10,50.2,USD,50.121428571428574,0.16896040674560137,0.007829753061634248,47.55,50.176,44.3,57.18,5,3,0.6,47.55,above_market
B0FY52GZFG,2026-05-11,50.3,USD,50.188571428571436,0.12019824893750533,0.00943206903471805,43.0,45.288,41.42,53.47,5,4,0.8,43.0,above_market
B0FY52GZFG,2026-05-12,50.45,USD,50.25,0.12922847983330532,0.00859656137544973,53.01,53.641999999999996,48.92,59.05,5,2,0.4,54.6,at_market
